repeat,fold,scoring,model,model_label,best_c,best_weight,roc_auc,f1,accuracy,precision,recall,brier,ece
1,1,roc_auc,orig_quality_hr,Original: Quality + HR,0.1,None,0.9721407624633431,0.9117647058823529,0.92,0.8378378378378378,1.0,0.062039879606134045,0.05981675357664812
1,1,roc_auc,orig_sleep_pa,Original: Sleep + PA,0.01,None,0.9655425219941348,0.8787878787878788,0.8933333333333333,0.8285714285714286,0.9354838709677419,0.09421024605830564,0.1456304941234962
1,1,roc_auc,orig_sleep_hr,Original: Sleep + HR,0.001,None,0.967008797653959,0.45,0.7066666666666667,1.0,0.2903225806451613,0.1890205292214459,0.3146141453298385
1,1,roc_auc,orig_quality_pa,Original: Quality + PA,0.01,balanced,0.967741935483871,0.8787878787878788,0.8933333333333333,0.8285714285714286,0.9354838709677419,0.09394726344764845,0.18041916293769014
1,1,roc_auc,compressed,Compressed Derived,0.001,None,0.9736070381231672,0.5238095238095238,0.7333333333333333,1.0,0.3548387096774194,0.18200466047673813,0.3069071058268532
1,1,roc_auc,enhanced,Compressed + Interaction,0.01,balanced,0.9692082111436949,0.8787878787878788,0.8933333333333333,0.8285714285714286,0.9354838709677419,0.08284290318806889,0.1290383988460943
1,2,roc_auc,orig_quality_hr,Original: Quality + HR,0.01,None,0.9241202346041055,0.9206349206349206,0.9333333333333333,0.90625,0.9354838709677419,0.10718842399284888,0.190983160630083
1,2,roc_auc,orig_sleep_pa,Original: Sleep + PA,0.1,None,0.9347507331378299,0.9206349206349206,0.9333333333333333,0.90625,0.9354838709677419,0.07752393919503692,0.0664945821213236
1,2,roc_auc,orig_sleep_hr,Original: Sleep + HR,1.0,balanced,0.9398826979472141,0.90625,0.92,0.8787878787878788,0.9354838709677419,0.07406855822362492,0.07107740331729431
1,2,roc_auc,orig_quality_pa,Original: Quality + PA,1000.0,balanced,0.9314516129032258,0.9206349206349206,0.9333333333333333,0.90625,0.9354838709677419,0.07412240041756338,0.06805994090134691
1,2,roc_auc,compressed,Compressed Derived,0.1,None,0.9241202346041054,0.9206349206349206,0.9333333333333333,0.90625,0.9354838709677419,0.07458823168446173,0.07757793719124276
1,2,roc_auc,enhanced,Compressed + Interaction,0.01,balanced,0.9292521994134897,0.9206349206349206,0.9333333333333333,0.90625,0.9354838709677419,0.09066837381494779,0.15115188687569048
1,3,roc_auc,orig_quality_hr,Original: Quality + HR,0.001,None,0.9103942652329748,0.2777777777777778,0.6578947368421053,1.0,0.16129032258064516,0.2050129710087897,0.31855756531253454
1,3,roc_auc,orig_sleep_pa,Original: Sleep + PA,0.01,None,0.9161290322580645,0.8214285714285714,0.868421052631579,0.92,0.7419354838709677,0.13543234862968334,0.16372660085807092
1,3,roc_auc,orig_sleep_hr,Original: Sleep + HR,1.0,balanced,0.9175627240143369,0.8620689655172413,0.8947368421052632,0.9259259259259259,0.8064516129032258,0.08929268486835887,0.06807625436378231
1,3,roc_auc,orig_quality_pa,Original: Quality + PA,0.1,None,0.9111111111111111,0.8620689655172413,0.8947368421052632,0.9259259259259259,0.8064516129032258,0.09403421081688003,0.09275439480995802
1,3,roc_auc,compressed,Compressed Derived,100.0,None,0.8806451612903224,0.8620689655172413,0.8947368421052632,0.9259259259259259,0.8064516129032258,0.10576510774788062,0.1141203359387329
1,3,roc_auc,enhanced,Compressed + Interaction,100.0,balanced,0.8806451612903226,0.9,0.9210526315789473,0.9310344827586207,0.8709677419354839,0.10028195239653982,0.10060371962337558
1,4,roc_auc,orig_quality_hr,Original: Quality + HR,0.1,None,0.9388597149287322,0.9,0.918918918918919,0.9310344827586207,0.8709677419354839,0.07518947561392006,0.08342427724286924
1,4,roc_auc,orig_sleep_pa,Original: Sleep + PA,0.01,None,0.904351087771943,0.9,0.918918918918919,0.9310344827586207,0.8709677419354839,0.10187310379062534,0.15589917830036862
1,4,roc_auc,orig_sleep_hr,Original: Sleep + HR,0.1,None,0.9238559639909977,0.9,0.918918918918919,0.9310344827586207,0.8709677419354839,0.07765302158173779,0.07573211612747457
1,4,roc_auc,orig_quality_pa,Original: Quality + PA,10.0,balanced,0.9036009002250563,0.9,0.918918918918919,0.9310344827586207,0.8709677419354839,0.07225028278380606,0.08443216992557934
1,4,roc_auc,compressed,Compressed Derived,0.1,None,0.9223555888972242,0.9,0.918918918918919,0.9310344827586207,0.8709677419354839,0.07699788790032182,0.07711903880490567
1,4,roc_auc,enhanced,Compressed + Interaction,0.1,balanced,0.9216054013503376,0.9,0.918918918918919,0.9310344827586207,0.8709677419354839,0.07788292554592238,0.07716335907458535
1,5,roc_auc,orig_quality_hr,Original: Quality + HR,10.0,None,0.9339834958739685,0.8923076923076924,0.9054054054054054,0.8529411764705882,0.9354838709677419,0.07177489177740873,0.04499443030452483
1,5,roc_auc,orig_sleep_pa,Original: Sleep + PA,0.01,None,0.9583645911477869,0.9206349206349206,0.9324324324324325,0.90625,0.9354838709677419,0.10842429150680914,0.18464738200755354
1,5,roc_auc,orig_sleep_hr,Original: Sleep + HR,0.1,balanced,0.9628657164291072,0.8923076923076924,0.9054054054054054,0.8529411764705882,0.9354838709677419,0.07854034697586937,0.11726993507575927
1,5,roc_auc,orig_quality_pa,Original: Quality + PA,0.001,None,0.9392348087021756,0.0625,0.5945945945945946,1.0,0.03225806451612903,0.20458674652439565,0.32745591819784614
1,5,roc_auc,compressed,Compressed Derived,0.01,None,0.9429857464366092,0.9206349206349206,0.9324324324324325,0.90625,0.9354838709677419,0.11241153837366455,0.15177876701416368
1,5,roc_auc,enhanced,Compressed + Interaction,0.001,None,0.9354838709677419,0.5238095238095238,0.7297297297297297,1.0,0.3548387096774194,0.18492546069669777,0.26545848961043883
2,1,roc_auc,orig_quality_hr,Original: Quality + HR,0.01,None,0.969208211143695,0.9180327868852459,0.9333333333333333,0.9333333333333333,0.9032258064516129,0.08904058295040189,0.17399884851435635
2,1,roc_auc,orig_sleep_pa,Original: Sleep + PA,0.01,None,0.970674486803519,0.9333333333333333,0.9466666666666667,0.9655172413793104,0.9032258064516129,0.09015082335975794,0.15204009730132062
2,1,roc_auc,orig_sleep_hr,Original: Sleep + HR,0.001,None,0.968475073313783,0.4878048780487805,0.72,1.0,0.3225806451612903,0.19212662412522422,0.32281149869162284
2,1,roc_auc,orig_quality_pa,Original: Quality + PA,0.001,balanced,0.968475073313783,0.9333333333333333,0.9466666666666667,0.9655172413793104,0.9032258064516129,0.1981426415565293,0.34772579675919596
2,1,roc_auc,compressed,Compressed Derived,0.001,None,0.969941348973607,0.4878048780487805,0.72,1.0,0.3225806451612903,0.18371073059612517,0.3117450681905841
2,1,roc_auc,enhanced,Compressed + Interaction,0.01,balanced,0.967741935483871,0.9180327868852459,0.9333333333333333,0.9333333333333333,0.9032258064516129,0.07134087938210569,0.11376420696712046
2,2,roc_auc,orig_quality_hr,Original: Quality + HR,0.01,None,0.9259530791788856,0.896551724137931,0.92,0.9629629629629629,0.8387096774193549,0.10844318892273518,0.1840331653400628
2,2,roc_auc,orig_sleep_pa,Original: Sleep + PA,0.001,None,0.9288856304985337,0.45,0.7066666666666667,1.0,0.2903225806451613,0.2055865255014239,0.31907809766348694
2,2,roc_auc,orig_sleep_hr,Original: Sleep + HR,0.01,None,0.9332844574780058,0.896551724137931,0.92,0.9629629629629629,0.8387096774193549,0.10887456054027128,0.18189701290948432
2,2,roc_auc,orig_quality_pa,Original: Quality + PA,0.001,balanced,0.9288856304985337,0.896551724137931,0.92,0.9629629629629629,0.8387096774193549,0.2094734682625984,0.3564213152955137
2,2,roc_auc,compressed,Compressed Derived,0.001,None,0.937683284457478,0.5238095238095238,0.7333333333333333,1.0,0.3548387096774194,0.19647675795662528,0.3377711884607387
2,2,roc_auc,enhanced,Compressed + Interaction,0.001,balanced,0.9362170087976539,0.896551724137931,0.92,0.9629629629629629,0.8387096774193549,0.18422657508459275,0.33676905788416917
2,3,roc_auc,orig_quality_hr,Original: Quality + HR,100.0,None,0.9339834958739685,0.8888888888888888,0.9054054054054054,0.875,0.9032258064516129,0.08383812108516439,0.1100162849271897
2,3,roc_auc,orig_sleep_pa,Original: Sleep + PA,1.0,None,0.9279819954988747,0.9032258064516129,0.918918918918919,0.9032258064516129,0.9032258064516129,0.08942404446037909,0.13047477672844915
2,3,roc_auc,orig_sleep_hr,Original: Sleep + HR,1.0,balanced,0.9324831207801951,0.9032258064516129,0.918918918918919,0.9032258064516129,0.9032258064516129,0.08441187392513516,0.12109467940132472
2,3,roc_auc,orig_quality_pa,Original: Quality + PA,10.0,None,0.9339834958739685,0.9032258064516129,0.918918918918919,0.9032258064516129,0.9032258064516129,0.08408468002802585,0.11515826453457995
2,3,roc_auc,compressed,Compressed Derived,0.001,None,0.9204801200300076,0.2702702702702703,0.6351351351351351,0.8333333333333334,0.16129032258064516,0.19680299364258402,0.342991953943347
2,3,roc_auc,enhanced,Compressed + Interaction,0.01,None,0.9204801200300076,0.9032258064516129,0.918918918918919,0.9032258064516129,0.9032258064516129,0.10131179803696355,0.1571827314183594
2,4,roc_auc,orig_quality_hr,Original: Quality + HR,10.0,None,0.9557389347336834,0.9253731343283582,0.9324324324324325,0.8611111111111112,1.0,0.0625379802330021,0.07179601957048871
2,4,roc_auc,orig_sleep_pa,Original: Sleep + PA,0.001,None,0.9587396849212303,0.47619047619047616,0.7027027027027027,0.9090909090909091,0.3225806451612903,0.19747401338480822,0.30431709986767175
2,4,roc_auc,orig_sleep_hr,Original: Sleep + HR,0.001,None,0.9512378094523631,0.47619047619047616,0.7027027027027027,0.9090909090909091,0.3225806451612903,0.1952066233645407,0.29904179703331973
2,4,roc_auc,orig_quality_pa,Original: Quality + PA,0.1,None,0.9617404351087773,0.8923076923076924,0.9054054054054054,0.8529411764705882,0.9354838709677419,0.06904993474987298,0.07746683016246451
2,4,roc_auc,compressed,Compressed Derived,0.001,None,0.9519879969992499,0.5777777777777777,0.7432432432432432,0.9285714285714286,0.41935483870967744,0.19305634746913272,0.29082026856790294
2,4,roc_auc,enhanced,Compressed + Interaction,0.1,None,0.9609902475618904,0.8923076923076924,0.9054054054054054,0.8529411764705882,0.9354838709677419,0.0769840516269016,0.0846468465956382
2,5,roc_auc,orig_quality_hr,Original: Quality + HR,1.0,None,0.9125448028673836,0.8484848484848485,0.868421052631579,0.8,0.9032258064516129,0.08845746933007065,0.07620980557473805
2,5,roc_auc,orig_sleep_pa,Original: Sleep + PA,0.1,balanced,0.9010752688172045,0.8484848484848485,0.868421052631579,0.8,0.9032258064516129,0.10697560684643952,0.13193437273129524
2,5,roc_auc,orig_sleep_hr,Original: Sleep + HR,0.01,balanced,0.9096774193548387,0.8484848484848485,0.868421052631579,0.8,0.9032258064516129,0.12295545685586454,0.2013603167833399
2,5,roc_auc,orig_quality_pa,Original: Quality + PA,100.0,balanced,0.9111111111111111,0.8484848484848485,0.868421052631579,0.8,0.9032258064516129,0.09372803694823127,0.09634264345946134
2,5,roc_auc,compressed,Compressed Derived,0.001,None,0.9046594982078853,0.32432432432432434,0.6710526315789473,1.0,0.1935483870967742,0.19996985746784188,0.3488088902729783
2,5,roc_auc,enhanced,Compressed + Interaction,0.01,None,0.903225806451613,0.8484848484848485,0.868421052631579,0.8,0.9032258064516129,0.10970220415978969,0.1768853316829496
3,1,roc_auc,orig_quality_hr,Original: Quality + HR,0.1,None,0.9794721407624634,0.9117647058823529,0.92,0.8378378378378378,1.0,0.058564150320627256,0.08304404738445799
3,1,roc_auc,orig_sleep_pa,Original: Sleep + PA,0.001,None,0.9802052785923754,0.6666666666666666,0.7866666666666666,0.9411764705882353,0.5161290322580645,0.19121077912885642,0.3484976418660077
3,1,roc_auc,orig_sleep_hr,Original: Sleep + HR,0.01,None,0.9809384164222874,0.9393939393939394,0.9466666666666667,0.8857142857142857,1.0,0.08045991126957674,0.16927734770164643
3,1,roc_auc,orig_quality_pa,Original: Quality + PA,0.001,None,0.9846041055718475,0.6666666666666666,0.7866666666666666,0.9411764705882353,0.5161290322580645,0.1907993511936814,0.34784008764928204
3,1,roc_auc,compressed,Compressed Derived,0.1,None,0.9824046920821113,0.9117647058823529,0.92,0.8378378378378378,1.0,0.05737816580076976,0.07821213615300888
3,1,roc_auc,enhanced,Compressed + Interaction,0.1,None,0.9802052785923755,0.9117647058823529,0.92,0.8378378378378378,1.0,0.05891824163970762,0.07997229666020919
3,2,roc_auc,orig_quality_hr,Original: Quality + HR,0.001,None,0.9534883720930233,0.0,0.581081081081081,0.0,0.0,0.2050766995396325,0.3455197800214418
3,2,roc_auc,orig_sleep_pa,Original: Sleep + PA,1000.0,None,0.9519879969992499,0.9206349206349206,0.9324324324324325,0.90625,0.9354838709677419,0.06437219353565601,0.0734057453109837
3,2,roc_auc,orig_sleep_hr,Original: Sleep + HR,0.1,None,0.9534883720930233,0.9206349206349206,0.9324324324324325,0.90625,0.9354838709677419,0.07086878413726203,0.09807895713572816
3,2,roc_auc,orig_quality_pa,Original: Quality + PA,10.0,None,0.9519879969992497,0.9206349206349206,0.9324324324324325,0.90625,0.9354838709677419,0.05194311350736145,0.0721202678226588
3,2,roc_auc,compressed,Compressed Derived,0.1,None,0.9546136534133534,0.9206349206349206,0.9324324324324325,0.90625,0.9354838709677419,0.06965798236125344,0.09027306185027556
3,2,roc_auc,enhanced,Compressed + Interaction,0.001,None,0.9531132783195798,0.47619047619047616,0.7027027027027027,0.9090909090909091,0.3225806451612903,0.1854864157097039,0.31758156046235325
3,3,roc_auc,orig_quality_hr,Original: Quality + HR,0.01,balanced,0.9621155288822206,0.9310344827586207,0.9459459459459459,1.0,0.8709677419354839,0.08811438908402994,0.19623844850483085
3,3,roc_auc,orig_sleep_pa,Original: Sleep + PA,0.001,None,0.9651162790697675,0.32432432432432434,0.6621621621621622,1.0,0.1935483870967742,0.2020932195787942,0.35545557968135283
3,3,roc_auc,orig_sleep_hr,Original: Sleep + HR,0.01,None,0.9703675918979745,0.9310344827586207,0.9459459459459459,1.0,0.8709677419354839,0.09657091340646243,0.18684010800974513
3,3,roc_auc,orig_quality_pa,Original: Quality + PA,0.001,None,0.9711177794448612,0.32432432432432434,0.6621621621621622,1.0,0.1935483870967742,0.2021634881460024,0.3408883787509583
3,3,roc_auc,compressed,Compressed Derived,1.0,None,0.9636159039759941,0.9310344827586207,0.9459459459459459,1.0,0.8709677419354839,0.04912788282566206,0.09075622460066803
3,3,roc_auc,enhanced,Compressed + Interaction,0.01,None,0.9666166541635409,0.9310344827586207,0.9459459459459459,1.0,0.8709677419354839,0.07885038137144539,0.1381957485362078
3,4,roc_auc,orig_quality_hr,Original: Quality + HR,10.0,balanced,0.9197214076246334,0.9,0.92,0.9310344827586207,0.8709677419354839,0.07534983009132422,0.07069701589375815
3,4,roc_auc,orig_sleep_pa,Original: Sleep + PA,0.001,None,0.9233870967741936,0.0625,0.6,1.0,0.03225806451612903,0.20135109281969443,0.31672189717854704
3,4,roc_auc,orig_sleep_hr,Original: Sleep + HR,1.0,None,0.9189882697947214,0.8709677419354839,0.8933333333333333,0.8709677419354839,0.8709677419354839,0.08494921249492704,0.06075740376379338
3,4,roc_auc,orig_quality_pa,Original: Quality + PA,0.01,balanced,0.9241202346041055,0.8709677419354839,0.8933333333333333,0.8709677419354839,0.8709677419354839,0.11180461411304139,0.18537468969583284
3,4,roc_auc,compressed,Compressed Derived,0.001,None,0.9175219941348973,0.0625,0.6,1.0,0.03225806451612903,0.20279238550614243,0.35929321518508617
3,4,roc_auc,enhanced,Compressed + Interaction,0.01,None,0.9145894428152492,0.9,0.92,0.9310344827586207,0.8709677419354839,0.10601420624353276,0.1647201472802312
3,5,roc_auc,orig_quality_hr,Original: Quality + HR,100.0,None,0.8315412186379928,0.7796610169491526,0.8289473684210527,0.8214285714285714,0.7419354838709677,0.14544483874115233,0.10074851492726124
3,5,roc_auc,orig_sleep_pa,Original: Sleep + PA,0.1,balanced,0.8207885304659499,0.819672131147541,0.8552631578947368,0.8333333333333334,0.8064516129032258,0.13718774965683914,0.13009494700743313
3,5,roc_auc,orig_sleep_hr,Original: Sleep + HR,0.01,balanced,0.8444444444444443,0.819672131147541,0.8552631578947368,0.8333333333333334,0.8064516129032258,0.13868649305536165,0.09894977112273523
3,5,roc_auc,orig_quality_pa,Original: Quality + PA,0.1,None,0.8315412186379928,0.819672131147541,0.8552631578947368,0.8333333333333334,0.8064516129032258,0.13318382646387275,0.08360775273481735
3,5,roc_auc,compressed,Compressed Derived,0.001,None,0.8544802867383512,0.625,0.7631578947368421,0.8823529411764706,0.4838709677419355,0.1997182444791058,0.2744214005153838
3,5,roc_auc,enhanced,Compressed + Interaction,0.001,None,0.8587813620071685,0.7547169811320755,0.8289473684210527,0.9090909090909091,0.6451612903225806,0.1843591256792422,0.26078051153618875
4,1,roc_auc,orig_quality_hr,Original: Quality + HR,0.01,None,0.9596774193548387,0.8923076923076924,0.9066666666666666,0.8529411764705882,0.9354838709677419,0.09357014830546898,0.1560831066506967
4,1,roc_auc,orig_sleep_pa,Original: Sleep + PA,0.01,None,0.9538123167155425,0.8923076923076924,0.9066666666666666,0.8529411764705882,0.9354838709677419,0.09505614254994156,0.13526873176754167
4,1,roc_auc,orig_sleep_hr,Original: Sleep + HR,0.01,None,0.9648093841642228,0.8923076923076924,0.9066666666666666,0.8529411764705882,0.9354838709677419,0.09245413214417773,0.15548419970547145
4,1,roc_auc,orig_quality_pa,Original: Quality + PA,0.001,None,0.9501466275659823,0.5454545454545454,0.7333333333333333,0.9230769230769231,0.3870967741935484,0.1936170930747875,0.31598314081248075
4,1,roc_auc,compressed,Compressed Derived,10.0,None,0.9237536656891496,0.8709677419354839,0.8933333333333333,0.8709677419354839,0.8709677419354839,0.09785569532074302,0.09786403585918646
4,1,roc_auc,enhanced,Compressed + Interaction,0.001,None,0.9589442815249267,0.7450980392156863,0.8266666666666667,0.95,0.6129032258064516,0.16613996766868677,0.2798606139825344
4,2,roc_auc,orig_quality_hr,Original: Quality + HR,0.01,None,0.9613653413353339,0.967741935483871,0.972972972972973,0.967741935483871,0.967741935483871,0.1111979048832835,0.23730367628362425
4,2,roc_auc,orig_sleep_pa,Original: Sleep + PA,0.01,balanced,0.9643660915228808,0.9090909090909091,0.918918918918919,0.8571428571428571,0.967741935483871,0.11562135246116689,0.23443247651452084
4,2,roc_auc,orig_sleep_hr,Original: Sleep + HR,0.01,None,0.9756189047261816,0.967741935483871,0.972972972972973,0.967741935483871,0.967741935483871,0.11240811344543851,0.23254256726045172
4,2,roc_auc,orig_quality_pa,Original: Quality + PA,0.01,None,0.9598649662415604,0.967741935483871,0.972972972972973,0.967741935483871,0.967741935483871,0.11428050903767768,0.21609550108132447
4,2,roc_auc,compressed,Compressed Derived,0.001,None,0.9591147786946738,0.17647058823529413,0.6216216216216216,1.0,0.0967741935483871,0.2009138179182217,0.3656133872672077
4,2,roc_auc,enhanced,Compressed + Interaction,0.001,None,0.9613653413353339,0.43902439024390244,0.6891891891891891,0.9,0.2903225806451613,0.18517931433368984,0.34665040654622936
4,3,roc_auc,orig_quality_hr,Original: Quality + HR,10.0,None,0.9527126099706745,0.8813559322033898,0.9066666666666666,0.9285714285714286,0.8387096774193549,0.06866575295778324,0.08500606165221959
4,3,roc_auc,orig_sleep_pa,Original: Sleep + PA,1.0,balanced,0.9406158357771262,0.8813559322033898,0.9066666666666666,0.9285714285714286,0.8387096774193549,0.0801955253497456,0.09733343312981965
4,3,roc_auc,orig_sleep_hr,Original: Sleep + HR,0.1,None,0.9618768328445748,0.8813559322033898,0.9066666666666666,0.9285714285714286,0.8387096774193549,0.08278871171314044,0.12684490501086526
4,3,roc_auc,orig_quality_pa,Original: Quality + PA,100.0,balanced,0.9556451612903226,0.8813559322033898,0.9066666666666666,0.9285714285714286,0.8387096774193549,0.06107263748109782,0.07083454891099872
4,3,roc_auc,compressed,Compressed Derived,1.0,None,0.9508797653958945,0.8813559322033898,0.9066666666666666,0.9285714285714286,0.8387096774193549,0.0751343450667251,0.10070908836364599
4,3,roc_auc,enhanced,Compressed + Interaction,1.0,None,0.9391495601173021,0.8421052631578947,0.88,0.9230769230769231,0.7741935483870968,0.08416820059526152,0.10845761515577182
4,4,roc_auc,orig_quality_hr,Original: Quality + HR,0.1,balanced,0.9223555888972242,0.9152542372881356,0.9324324324324325,0.9642857142857143,0.8709677419354839,0.06665551902996439,0.08507424958947268
4,4,roc_auc,orig_sleep_pa,Original: Sleep + PA,0.1,None,0.8953488372093024,0.9152542372881356,0.9324324324324325,0.9642857142857143,0.8709677419354839,0.07343985887648263,0.09463095219144457
4,4,roc_auc,orig_sleep_hr,Original: Sleep + HR,0.1,None,0.9013503375843961,0.9152542372881356,0.9324324324324325,0.9642857142857143,0.8709677419354839,0.06969683644664854,0.06229301931126169
4,4,roc_auc,orig_quality_pa,Original: Quality + PA,10.0,None,0.896099024756189,0.9152542372881356,0.9324324324324325,0.9642857142857143,0.8709677419354839,0.07096787327639031,0.09358742496657586
4,4,roc_auc,compressed,Compressed Derived,0.001,None,0.9306076519129783,0.6938775510204082,0.7972972972972973,0.9444444444444444,0.5483870967741935,0.19001522722790687,0.304805023622992
4,4,roc_auc,enhanced,Compressed + Interaction,0.001,None,0.9283570892723181,0.8148148148148148,0.8648648648648649,0.9565217391304348,0.7096774193548387,0.17129931586662756,0.2802730965032606
4,5,roc_auc,orig_quality_hr,Original: Quality + HR,0.001,None,0.8745519713261649,0.0,0.5921052631578947,0.0,0.0,0.2044350360993473,0.31407327402033314
4,5,roc_auc,orig_sleep_pa,Original: Sleep + PA,0.001,None,0.9053763440860214,0.0,0.5921052631578947,0.0,0.0,0.20121745704320393,0.3056468236348948
4,5,roc_auc,orig_sleep_hr,Original: Sleep + HR,0.001,None,0.8838709677419355,0.0,0.5921052631578947,0.0,0.0,0.20318901272535334,0.3126053311469075
4,5,roc_auc,orig_quality_pa,Original: Quality + PA,0.01,None,0.8924731182795699,0.8571428571428571,0.881578947368421,0.84375,0.8709677419354839,0.11953782902758353,0.15899789045709617
4,5,roc_auc,compressed,Compressed Derived,0.001,None,0.8752688172043012,0.0,0.5921052631578947,0.0,0.0,0.20264794704465175,0.30868031170912724
4,5,roc_auc,enhanced,Compressed + Interaction,0.01,None,0.8810035842293907,0.8571428571428571,0.881578947368421,0.84375,0.8709677419354839,0.11359936176775925,0.1327990889873739
5,1,roc_auc,orig_quality_hr,Original: Quality + HR,10.0,None,0.9747067448680352,0.9523809523809523,0.96,0.9375,0.967741935483871,0.0380702361908083,0.0339542644185968
5,1,roc_auc,orig_sleep_pa,Original: Sleep + PA,10.0,balanced,0.9794721407624633,0.9523809523809523,0.96,0.9375,0.967741935483871,0.03806719469942584,0.04596835395824509
5,1,roc_auc,orig_sleep_hr,Original: Sleep + HR,100.0,None,0.9809384164222873,0.9523809523809523,0.96,0.9375,0.967741935483871,0.03866314607134574,0.04310966378746411
5,1,roc_auc,orig_quality_pa,Original: Quality + PA,1.0,None,0.9776392961876833,0.9523809523809523,0.96,0.9375,0.967741935483871,0.03861808102997996,0.03907514911719236
5,1,roc_auc,compressed,Compressed Derived,1.0,None,0.9857038123167156,0.9523809523809523,0.96,0.9375,0.967741935483871,0.03672802246152019,0.03462930975602855
5,1,roc_auc,enhanced,Compressed + Interaction,1.0,None,0.9842375366568915,0.9523809523809523,0.96,0.9375,0.967741935483871,0.03673199877098608,0.03403288463507425
5,2,roc_auc,orig_quality_hr,Original: Quality + HR,0.001,None,0.9230205278592375,0.0625,0.6,1.0,0.03225806451612903,0.20466053524390088,0.34051805621192155
5,2,roc_auc,orig_sleep_pa,Original: Sleep + PA,0.001,None,0.9200879765395894,0.0625,0.6,1.0,0.03225806451612903,0.20792593015533803,0.3428716335441876
5,2,roc_auc,orig_sleep_hr,Original: Sleep + HR,0.01,None,0.9296187683284457,0.8852459016393442,0.9066666666666666,0.9,0.8709677419354839,0.12227713891767195,0.1938929632449118
5,2,roc_auc,orig_quality_pa,Original: Quality + PA,0.001,None,0.9222873900293255,0.0625,0.6,1.0,0.03225806451612903,0.20760078586811648,0.3429483377910997
5,2,roc_auc,compressed,Compressed Derived,1.0,balanced,0.9552785923753666,0.9206349206349206,0.9333333333333333,0.90625,0.9354838709677419,0.06580675660064288,0.08624629065254182
5,2,roc_auc,enhanced,Compressed + Interaction,0.001,None,0.9457478005865102,0.2777777777777778,0.6533333333333333,1.0,0.16129032258064516,0.1837232026373332,0.3210605639186507
5,3,roc_auc,orig_quality_hr,Original: Quality + HR,0.001,balanced,0.9039759939984996,0.8695652173913043,0.8783783783783784,0.7894736842105263,0.967741935483871,0.2068443082146637,0.31862479699217255
5,3,roc_auc,orig_sleep_pa,Original: Sleep + PA,0.001,None,0.8972243060765192,0.5333333333333333,0.7162162162162162,0.8571428571428571,0.3870967741935484,0.20295111834010884,0.3324321062889388
5,3,roc_auc,orig_sleep_hr,Original: Sleep + HR,0.001,None,0.903225806451613,0.3157894736842105,0.6486486486486487,0.8571428571428571,0.1935483870967742,0.20063232822223775,0.3213118044205833
5,3,roc_auc,orig_quality_pa,Original: Quality + PA,0.01,None,0.9009752438109527,0.8955223880597015,0.9054054054054054,0.8333333333333334,0.967741935483871,0.11987640770272658,0.15981172894481868
5,3,roc_auc,compressed,Compressed Derived,0.001,None,0.9219804951237809,0.4,0.6756756756756757,0.8888888888888888,0.25806451612903225,0.1953951796660698,0.36251934693108867
5,3,roc_auc,enhanced,Compressed + Interaction,0.001,None,0.9204801200300075,0.5957446808510638,0.7432432432432432,0.875,0.45161290322580644,0.17919659832863974,0.33805572760724534
5,4,roc_auc,orig_quality_hr,Original: Quality + HR,100.0,None,0.9189797449362341,0.9180327868852459,0.9324324324324325,0.9333333333333333,0.9032258064516129,0.06702586047230483,0.0812392767483135
5,4,roc_auc,orig_sleep_pa,Original: Sleep + PA,0.001,None,0.945986496624156,0.22857142857142856,0.6351351351351351,1.0,0.12903225806451613,0.20113923087262267,0.33330076319445834
5,4,roc_auc,orig_sleep_hr,Original: Sleep + HR,10.0,balanced,0.943735933983496,0.8888888888888888,0.9054054054054054,0.875,0.9032258064516129,0.08371360779262242,0.10644665421527827
5,4,roc_auc,orig_quality_pa,Original: Quality + PA,0.01,None,0.921980495123781,0.9333333333333333,0.9459459459459459,0.9655172413793104,0.9032258064516129,0.10547286149192188,0.1816921159254874
5,4,roc_auc,compressed,Compressed Derived,0.001,None,0.9204801200300076,0.32432432432432434,0.6621621621621622,1.0,0.1935483870967742,0.19752190365381042,0.37308096393138246
5,4,roc_auc,enhanced,Compressed + Interaction,0.01,None,0.9257314328582146,0.8888888888888888,0.9054054054054054,0.875,0.9032258064516129,0.09296719103955552,0.17801140902828524
5,5,roc_auc,orig_quality_hr,Original: Quality + HR,0.01,None,0.9182795698924732,0.8571428571428571,0.8947368421052632,0.96,0.7741935483870968,0.10421662829899173,0.15738795725540217
5,5,roc_auc,orig_sleep_pa,Original: Sleep + PA,0.001,None,0.9168458781362008,0.5116279069767442,0.7236842105263158,0.9166666666666666,0.3548387096774194,0.19958550507784395,0.3424342110735614
5,5,roc_auc,orig_sleep_hr,Original: Sleep + HR,0.01,balanced,0.9240143369175627,0.8571428571428571,0.8947368421052632,0.96,0.7741935483870968,0.10832946565513905,0.17173948900909264
5,5,roc_auc,orig_quality_pa,Original: Quality + PA,0.001,None,0.9146953405017922,0.6382978723404256,0.7763157894736842,0.9375,0.4838709677419355,0.19932443643974723,0.34228854840681966
5,5,roc_auc,compressed,Compressed Derived,0.001,None,0.8960573476702509,0.6382978723404256,0.7763157894736842,0.9375,0.4838709677419355,0.1926540850950545,0.33379146549766275
5,5,roc_auc,enhanced,Compressed + Interaction,0.01,None,0.8931899641577061,0.8571428571428571,0.8947368421052632,0.96,0.7741935483870968,0.10199444306936417,0.14037603963881728
6,1,roc_auc,orig_quality_hr,Original: Quality + HR,0.1,None,0.9560117302052786,0.8888888888888888,0.9066666666666666,0.875,0.9032258064516129,0.06964520323148915,0.025226292530571664
6,1,roc_auc,orig_sleep_pa,Original: Sleep + PA,0.01,None,0.9574780058651026,0.8888888888888888,0.9066666666666666,0.875,0.9032258064516129,0.09365707193330937,0.12256778806122007
6,1,roc_auc,orig_sleep_hr,Original: Sleep + HR,0.1,None,0.9589442815249266,0.8888888888888888,0.9066666666666666,0.875,0.9032258064516129,0.07334259481268424,0.028367901668310366
6,1,roc_auc,orig_quality_pa,Original: Quality + PA,0.1,balanced,0.9545454545454546,0.8888888888888888,0.9066666666666666,0.875,0.9032258064516129,0.07193846063784413,0.050171346626669416
6,1,roc_auc,compressed,Compressed Derived,1.0,None,0.9472140762463342,0.8888888888888888,0.9066666666666666,0.875,0.9032258064516129,0.07391156932334216,0.06004370281591541
6,1,roc_auc,enhanced,Compressed + Interaction,0.1,None,0.9567448680351907,0.8888888888888888,0.9066666666666666,0.875,0.9032258064516129,0.07601297683708572,0.01731761463217719
6,2,roc_auc,orig_quality_hr,Original: Quality + HR,0.01,None,0.9277859237536656,0.9230769230769231,0.9333333333333333,0.8823529411764706,0.967741935483871,0.11324314713558929,0.20394687159812347
6,2,roc_auc,orig_sleep_pa,Original: Sleep + PA,0.001,None,0.9292521994134897,0.5116279069767442,0.72,0.9166666666666666,0.3548387096774194,0.2053108457428972,0.36486650275131827
6,2,roc_auc,orig_sleep_hr,Original: Sleep + HR,0.01,None,0.938049853372434,0.9230769230769231,0.9333333333333333,0.8823529411764706,0.967741935483871,0.11344052599903759,0.20131820543614115
6,2,roc_auc,orig_quality_pa,Original: Quality + PA,0.001,None,0.9270527859237536,0.5116279069767442,0.72,0.9166666666666666,0.3548387096774194,0.20607469951086377,0.3661864892168545
6,2,roc_auc,compressed,Compressed Derived,0.001,None,0.9292521994134897,0.5116279069767442,0.72,0.9166666666666666,0.3548387096774194,0.20009097683544672,0.35784190162153245
6,2,roc_auc,enhanced,Compressed + Interaction,0.001,None,0.940982404692082,0.5116279069767442,0.72,0.9166666666666666,0.3548387096774194,0.1842665786075632,0.34961044353721754
6,3,roc_auc,orig_quality_hr,Original: Quality + HR,0.001,None,0.9568642160540135,0.22857142857142856,0.6351351351351351,1.0,0.12903225806451613,0.2030238056243287,0.3463070593067832
6,3,roc_auc,orig_sleep_pa,Original: Sleep + PA,0.001,None,0.9583645911477869,0.22857142857142856,0.6351351351351351,1.0,0.12903225806451613,0.2076091914602423,0.3242026725637002
6,3,roc_auc,orig_sleep_hr,Original: Sleep + HR,0.001,None,0.9591147786946738,0.22857142857142856,0.6351351351351351,1.0,0.12903225806451613,0.20304456383605798,0.34628522043517423
6,3,roc_auc,orig_quality_pa,Original: Quality + PA,0.001,None,0.9568642160540135,0.22857142857142856,0.6351351351351351,1.0,0.12903225806451613,0.20751086954854436,0.3364402126444821
6,3,roc_auc,compressed,Compressed Derived,0.001,None,0.9576144036009002,0.45,0.7027027027027027,1.0,0.2903225806451613,0.19533153805755185,0.3358244106131522
6,3,roc_auc,enhanced,Compressed + Interaction,0.001,None,0.9643660915228807,0.5238095238095238,0.7297297297297297,1.0,0.3548387096774194,0.17918265535488145,0.31479867843672726
6,4,roc_auc,orig_quality_hr,Original: Quality + HR,0.1,None,0.9132616487455197,0.8666666666666667,0.8947368421052632,0.896551724137931,0.8387096774193549,0.08074072693758413,0.09894596371031097
6,4,roc_auc,orig_sleep_pa,Original: Sleep + PA,0.1,None,0.906810035842294,0.8666666666666667,0.8947368421052632,0.896551724137931,0.8387096774193549,0.093846477214405,0.09672306791773116
6,4,roc_auc,orig_sleep_hr,Original: Sleep + HR,0.1,None,0.9118279569892473,0.8666666666666667,0.8947368421052632,0.896551724137931,0.8387096774193549,0.08740633889785497,0.11203951378467417
6,4,roc_auc,orig_quality_pa,Original: Quality + PA,0.1,None,0.9118279569892475,0.8666666666666667,0.8947368421052632,0.896551724137931,0.8387096774193549,0.08375496255895327,0.09693734173720764
6,4,roc_auc,compressed,Compressed Derived,0.1,None,0.9139784946236561,0.896551724137931,0.9210526315789473,0.9629629629629629,0.8387096774193549,0.08298887257034372,0.12204348242912975
6,4,roc_auc,enhanced,Compressed + Interaction,0.01,None,0.9118279569892473,0.896551724137931,0.9210526315789473,0.9629629629629629,0.8387096774193549,0.10389051603614981,0.1552267089453432
6,5,roc_auc,orig_quality_hr,Original: Quality + HR,0.01,None,0.9234808702175544,0.9032258064516129,0.918918918918919,0.9032258064516129,0.9032258064516129,0.10461743143158517,0.16897098472002517
6,5,roc_auc,orig_sleep_pa,Original: Sleep + PA,0.1,balanced,0.935483870967742,0.9032258064516129,0.918918918918919,0.9032258064516129,0.9032258064516129,0.07635600947627093,0.07087048664368248
6,5,roc_auc,orig_sleep_hr,Original: Sleep + HR,1.0,balanced,0.9234808702175544,0.9032258064516129,0.918918918918919,0.9032258064516129,0.9032258064516129,0.07747419739983799,0.05490876915239724
6,5,roc_auc,orig_quality_pa,Original: Quality + PA,0.01,None,0.9384846211552889,0.9032258064516129,0.918918918918919,0.9032258064516129,0.9032258064516129,0.10101193095870016,0.16732994894116404
6,5,roc_auc,compressed,Compressed Derived,0.001,None,0.9294823705926482,0.22857142857142856,0.6351351351351351,1.0,0.12903225806451613,0.19544168103361012,0.34166870887633366
6,5,roc_auc,enhanced,Compressed + Interaction,0.01,balanced,0.9302325581395349,0.9032258064516129,0.918918918918919,0.9032258064516129,0.9032258064516129,0.08963930378707305,0.12539402888031057
7,1,roc_auc,orig_quality_hr,Original: Quality + HR,10.0,balanced,0.9615102639296188,0.8955223880597015,0.9066666666666666,0.8333333333333334,0.967741935483871,0.060294858130256146,0.04936849634049793
7,1,roc_auc,orig_sleep_pa,Original: Sleep + PA,0.001,None,0.9772727272727273,0.5116279069767442,0.72,0.9166666666666666,0.3548387096774194,0.1918880325813383,0.34480719356530987
7,1,roc_auc,orig_sleep_hr,Original: Sleep + HR,0.01,None,0.9736070381231672,0.9523809523809523,0.96,0.9375,0.967741935483871,0.08649073569162168,0.18699477329621567
7,1,roc_auc,orig_quality_pa,Original: Quality + PA,10.0,balanced,0.9629765395894428,0.8955223880597015,0.9066666666666666,0.8333333333333334,0.967741935483871,0.06031694355850082,0.04704578291262395
7,1,roc_auc,compressed,Compressed Derived,10.0,None,0.9395161290322581,0.8955223880597015,0.9066666666666666,0.8333333333333334,0.967741935483871,0.07560034937123299,0.05577439793848207
7,1,roc_auc,enhanced,Compressed + Interaction,1.0,balanced,0.9424486803519062,0.8955223880597015,0.9066666666666666,0.8333333333333334,0.967741935483871,0.07538338847417522,0.06484859933493035
7,2,roc_auc,orig_quality_hr,Original: Quality + HR,0.01,None,0.9490469208211143,0.9333333333333333,0.9466666666666667,0.9655172413793104,0.9032258064516129,0.10009232425367774,0.19891013489897158
7,2,roc_auc,orig_sleep_pa,Original: Sleep + PA,0.01,None,0.9332844574780058,0.9333333333333333,0.9466666666666667,0.9655172413793104,0.9032258064516129,0.10767532492525354,0.17041214575612218
7,2,roc_auc,orig_sleep_hr,Original: Sleep + HR,0.001,None,0.9420821114369501,0.32432432432432434,0.6666666666666666,1.0,0.1935483870967742,0.19622746537887062,0.3698480188870019
7,2,roc_auc,orig_quality_pa,Original: Quality + PA,0.1,None,0.9424486803519061,0.9180327868852459,0.9333333333333333,0.9333333333333333,0.9032258064516129,0.07057470238784572,0.07877849889177975
7,2,roc_auc,compressed,Compressed Derived,0.001,None,0.9439149560117301,0.4878048780487805,0.72,1.0,0.3225806451612903,0.18983950302279468,0.3481409389755999
7,2,roc_auc,enhanced,Compressed + Interaction,0.001,balanced,0.935117302052786,0.9180327868852459,0.9333333333333333,0.9333333333333333,0.9032258064516129,0.17419095236500717,0.3378673987632665
7,3,roc_auc,orig_quality_hr,Original: Quality + HR,0.01,None,0.853405017921147,0.8333333333333334,0.868421052631579,0.8620689655172413,0.8064516129032258,0.148039233436962,0.15237415409050653
7,3,roc_auc,orig_sleep_pa,Original: Sleep + PA,0.01,None,0.8487455197132617,0.8333333333333334,0.868421052631579,0.8620689655172413,0.8064516129032258,0.1530204002719773,0.16893005623044713
7,3,roc_auc,orig_sleep_hr,Original: Sleep + HR,0.01,None,0.8480286738351254,0.8333333333333334,0.868421052631579,0.8620689655172413,0.8064516129032258,0.14982954722185393,0.15528858182877875
7,3,roc_auc,orig_quality_pa,Original: Quality + PA,0.01,None,0.8491039426523297,0.8333333333333334,0.868421052631579,0.8620689655172413,0.8064516129032258,0.15016831820035148,0.15609740874368866
7,3,roc_auc,compressed,Compressed Derived,0.001,None,0.8526881720430107,0.17647058823529413,0.631578947368421,1.0,0.0967741935483871,0.20684339374028177,0.29403558236232175
7,3,roc_auc,enhanced,Compressed + Interaction,0.01,balanced,0.8526881720430107,0.8333333333333334,0.868421052631579,0.8620689655172413,0.8064516129032258,0.12996207521636105,0.11399184313343262
7,4,roc_auc,orig_quality_hr,Original: Quality + HR,0.01,balanced,0.9598649662415605,0.9117647058823529,0.918918918918919,0.8378378378378378,1.0,0.10272557004119413,0.1759899027465739
7,4,roc_auc,orig_sleep_pa,Original: Sleep + PA,0.001,None,0.9493623405851462,0.47619047619047616,0.7027027027027027,0.9090909090909091,0.3225806451612903,0.19589033317431095,0.35860281708807346
7,4,roc_auc,orig_sleep_hr,Original: Sleep + HR,0.1,balanced,0.9561140285071267,0.9117647058823529,0.918918918918919,0.8378378378378378,1.0,0.08800868494324056,0.1125031725742239
7,4,roc_auc,orig_quality_pa,Original: Quality + PA,0.1,None,0.9613653413353338,0.9117647058823529,0.918918918918919,0.8378378378378378,1.0,0.07445485759987372,0.08008502230195917
7,4,roc_auc,compressed,Compressed Derived,0.001,None,0.9621155288822206,0.6086956521739131,0.7567567567567568,0.9333333333333333,0.45161290322580644,0.1889689939571199,0.3502890175787192
7,4,roc_auc,enhanced,Compressed + Interaction,0.001,None,0.958364591147787,0.8852459016393442,0.9054054054054054,0.9,0.8709677419354839,0.16881825468105668,0.3202847968702894
7,5,roc_auc,orig_quality_hr,Original: Quality + HR,0.1,balanced,0.9636159039759941,0.9310344827586207,0.9459459459459459,1.0,0.8709677419354839,0.049154163149370676,0.10221306048242906
7,5,roc_auc,orig_sleep_pa,Original: Sleep + PA,0.01,None,0.9696174043510878,0.9310344827586207,0.9459459459459459,1.0,0.8709677419354839,0.09967643546251803,0.19411658610443266
7,5,roc_auc,orig_sleep_hr,Original: Sleep + HR,0.001,None,0.9658664666166541,0.0625,0.5945945945945946,1.0,0.03225806451612903,0.19907832483416266,0.3411160638617222
7,5,roc_auc,orig_quality_pa,Original: Quality + PA,10.0,balanced,0.9673668417104276,0.9666666666666667,0.972972972972973,1.0,0.9354838709677419,0.042710049445225745,0.08827573116160034
7,5,roc_auc,compressed,Compressed Derived,1.0,None,0.9628657164291073,0.9310344827586207,0.9459459459459459,1.0,0.8709677419354839,0.05273939870162001,0.08840273778670911
7,5,roc_auc,enhanced,Compressed + Interaction,0.1,None,0.9606151537884471,0.9310344827586207,0.9459459459459459,1.0,0.8709677419354839,0.059835031913345584,0.10476562764953504
8,1,roc_auc,orig_quality_hr,Original: Quality + HR,0.001,None,0.9274193548387097,0.5454545454545454,0.7333333333333333,0.9230769230769231,0.3870967741935484,0.19539926742678868,0.2971667533497639
8,1,roc_auc,orig_sleep_pa,Original: Sleep + PA,100.0,None,0.9167888563049854,0.8387096774193549,0.8666666666666667,0.8387096774193549,0.8387096774193549,0.1151917748296033,0.0996978336582175
8,1,roc_auc,orig_sleep_hr,Original: Sleep + HR,0.01,None,0.9167888563049853,0.8666666666666667,0.8933333333333333,0.896551724137931,0.8387096774193549,0.11125879488445121,0.11926861254595154
8,1,roc_auc,orig_quality_pa,Original: Quality + PA,1.0,None,0.9149560117302052,0.8387096774193549,0.8666666666666667,0.8387096774193549,0.8387096774193549,0.1054676180470269,0.07508201362613953
8,1,roc_auc,compressed,Compressed Derived,0.001,None,0.9160557184750733,0.5454545454545454,0.7333333333333333,0.9230769230769231,0.3870967741935484,0.19032443330060378,0.29066047012078344
8,1,roc_auc,enhanced,Compressed + Interaction,0.001,balanced,0.9109237536656891,0.8387096774193549,0.8666666666666667,0.8387096774193549,0.8387096774193549,0.1780679433159047,0.294733126089591
8,2,roc_auc,orig_quality_hr,Original: Quality + HR,1.0,balanced,0.9977494373593399,0.9836065573770492,0.9864864864864865,1.0,0.967741935483871,0.02695428939038005,0.09214456275377853
8,2,roc_auc,orig_sleep_pa,Original: Sleep + PA,0.001,None,0.9909977494373594,0.3684210526315789,0.6756756756756757,1.0,0.22580645161290322,0.19967908105490276,0.3870898846486142
8,2,roc_auc,orig_sleep_hr,Original: Sleep + HR,0.1,None,0.9977494373593399,0.9491525423728814,0.9594594594594594,1.0,0.9032258064516129,0.04679368033099194,0.13280062132105094
8,2,roc_auc,orig_quality_pa,Original: Quality + PA,0.01,None,0.9909977494373593,0.9491525423728814,0.9594594594594594,1.0,0.9032258064516129,0.09344965566982966,0.22391040420057634
8,2,roc_auc,compressed,Compressed Derived,0.001,None,0.9977494373593399,0.45,0.7027027027027027,1.0,0.2903225806451613,0.1885421672223135,0.3767857006337282
8,2,roc_auc,enhanced,Compressed + Interaction,0.01,None,0.9932483120780196,0.9491525423728814,0.9594594594594594,1.0,0.9032258064516129,0.07259683616055954,0.17315219027998321
8,3,roc_auc,orig_quality_hr,Original: Quality + HR,0.01,None,0.9381095273818455,0.9206349206349206,0.9324324324324325,0.90625,0.9354838709677419,0.11425674458678417,0.21366658463738014
8,3,roc_auc,orig_sleep_pa,Original: Sleep + PA,0.01,None,0.9444861215303827,0.9206349206349206,0.9324324324324325,0.90625,0.9354838709677419,0.12425712474262998,0.230657057454821
8,3,roc_auc,orig_sleep_hr,Original: Sleep + HR,0.01,balanced,0.9399849962490623,0.8923076923076924,0.9054054054054054,0.8529411764705882,0.9354838709677419,0.11307738962435165,0.19866006871496225
8,3,roc_auc,orig_quality_pa,Original: Quality + PA,0.01,None,0.9313578394598651,0.9206349206349206,0.9324324324324325,0.90625,0.9354838709677419,0.12150799511853486,0.18947516484963162
8,3,roc_auc,compressed,Compressed Derived,1000.0,None,0.9032258064516128,0.8571428571428571,0.8783783783783784,0.84375,0.8709677419354839,0.09978973399382096,0.08047795573746075
8,3,roc_auc,enhanced,Compressed + Interaction,10.0,None,0.9062265566391596,0.8571428571428571,0.8783783783783784,0.84375,0.8709677419354839,0.10271057403973971,0.08669046400589264
8,4,roc_auc,orig_quality_hr,Original: Quality + HR,1.0,balanced,0.9277859237536656,0.9230769230769231,0.9333333333333333,0.8823529411764706,0.967741935483871,0.07505670538958728,0.08403544318047206
8,4,roc_auc,orig_sleep_pa,Original: Sleep + PA,0.01,None,0.9307184750733138,0.8888888888888888,0.9066666666666666,0.875,0.9032258064516129,0.10636604961671796,0.11219742635213213
8,4,roc_auc,orig_sleep_hr,Original: Sleep + HR,0.1,balanced,0.9299853372434017,0.8888888888888888,0.9066666666666666,0.875,0.9032258064516129,0.0824003429451093,0.07315568242540164
8,4,roc_auc,orig_quality_pa,Original: Quality + PA,0.01,balanced,0.9263196480938416,0.8888888888888888,0.9066666666666666,0.875,0.9032258064516129,0.10901423069277096,0.12221397581218903
8,4,roc_auc,compressed,Compressed Derived,0.001,None,0.93658357771261,0.5777777777777777,0.7466666666666667,0.9285714285714286,0.41935483870967744,0.18875189396208797,0.31141582444025195
8,4,roc_auc,enhanced,Compressed + Interaction,0.01,None,0.9321847507331379,0.8888888888888888,0.9066666666666666,0.875,0.9032258064516129,0.09390924912938628,0.08656675766860018
8,5,roc_auc,orig_quality_hr,Original: Quality + HR,0.1,balanced,0.9010752688172043,0.8888888888888888,0.9078947368421053,0.875,0.9032258064516129,0.08957422417529229,0.0759984698991264
8,5,roc_auc,orig_sleep_pa,Original: Sleep + PA,0.01,balanced,0.9369175627240144,0.8888888888888888,0.9078947368421053,0.875,0.9032258064516129,0.11568409612167435,0.1937097879188692
8,5,roc_auc,orig_sleep_hr,Original: Sleep + HR,0.001,None,0.9060931899641577,0.0,0.5921052631578947,0.0,0.0,0.20416602876232828,0.28454601286965797
8,5,roc_auc,orig_quality_pa,Original: Quality + PA,0.1,balanced,0.9326164874551971,0.8888888888888888,0.9078947368421053,0.875,0.9032258064516129,0.07939891851082823,0.12476863344656892
8,5,roc_auc,compressed,Compressed Derived,0.1,None,0.9025089605734767,0.8888888888888888,0.9078947368421053,0.875,0.9032258064516129,0.08941527468859922,0.08370818970655722
8,5,roc_auc,enhanced,Compressed + Interaction,0.001,balanced,0.9333333333333332,0.8888888888888888,0.9078947368421053,0.875,0.9032258064516129,0.1854857353429323,0.355069375348765
1,1,neg_log_loss,orig_quality_hr,Original: Quality + HR,0.1,None,0.9721407624633431,0.9117647058823529,0.92,0.8378378378378378,1.0,0.062039879606134045,0.05981675357664812
1,1,neg_log_loss,orig_sleep_pa,Original: Sleep + PA,0.1,None,0.9655425219941349,0.8787878787878788,0.8933333333333333,0.8285714285714286,0.9354838709677419,0.0745497101283098,0.060720772942906336
1,1,neg_log_loss,orig_sleep_hr,Original: Sleep + HR,0.1,None,0.967008797653959,0.8787878787878788,0.8933333333333333,0.8285714285714286,0.9354838709677419,0.06887506924429422,0.06428513911337483
1,1,neg_log_loss,orig_quality_pa,Original: Quality + PA,0.1,None,0.972140762463343,0.8787878787878788,0.8933333333333333,0.8285714285714286,0.9354838709677419,0.06524849856098529,0.0597878941602199
1,1,neg_log_loss,compressed,Compressed Derived,0.1,None,0.9706744868035191,0.8787878787878788,0.8933333333333333,0.8285714285714286,0.9354838709677419,0.065515450063502,0.06458218679904877
1,1,neg_log_loss,enhanced,Compressed + Interaction,0.1,None,0.967741935483871,0.8787878787878788,0.8933333333333333,0.8285714285714286,0.9354838709677419,0.07012205632276333,0.06595866078710395
1,2,neg_log_loss,orig_quality_hr,Original: Quality + HR,0.1,None,0.9277859237536656,0.9206349206349206,0.9333333333333333,0.90625,0.9354838709677419,0.0744980295961566,0.07034492685066922
1,2,neg_log_loss,orig_sleep_pa,Original: Sleep + PA,0.1,None,0.9347507331378299,0.9206349206349206,0.9333333333333333,0.90625,0.9354838709677419,0.07752393919503692,0.0664945821213236
1,2,neg_log_loss,orig_sleep_hr,Original: Sleep + HR,0.1,None,0.9369501466275659,0.9206349206349206,0.9333333333333333,0.90625,0.9354838709677419,0.0777723088455646,0.08318594050266843
1,2,neg_log_loss,orig_quality_pa,Original: Quality + PA,0.1,None,0.9277859237536656,0.9206349206349206,0.9333333333333333,0.90625,0.9354838709677419,0.07603487872183766,0.050952799495393754
1,2,neg_log_loss,compressed,Compressed Derived,0.1,None,0.9241202346041054,0.9206349206349206,0.9333333333333333,0.90625,0.9354838709677419,0.07458823168446173,0.07757793719124276
1,2,neg_log_loss,enhanced,Compressed + Interaction,0.1,None,0.9255865102639295,0.9206349206349206,0.9333333333333333,0.90625,0.9354838709677419,0.07138271971998168,0.06152918364521751
1,3,neg_log_loss,orig_quality_hr,Original: Quality + HR,1.0,None,0.9161290322580645,0.8620689655172413,0.8947368421052632,0.9259259259259259,0.8064516129032258,0.08462782618821219,0.0725995117695306
1,3,neg_log_loss,orig_sleep_pa,Original: Sleep + PA,1.0,None,0.9232974910394266,0.8620689655172413,0.8947368421052632,0.9259259259259259,0.8064516129032258,0.09372754700408228,0.11119856267030057
1,3,neg_log_loss,orig_sleep_hr,Original: Sleep + HR,0.1,None,0.9146953405017921,0.8620689655172413,0.8947368421052632,0.9259259259259259,0.8064516129032258,0.1014253749624233,0.09398752973608915
1,3,neg_log_loss,orig_quality_pa,Original: Quality + PA,1.0,None,0.9182795698924732,0.8620689655172413,0.8947368421052632,0.9259259259259259,0.8064516129032258,0.08234986502939193,0.06978093821910289
1,3,neg_log_loss,compressed,Compressed Derived,10.0,balanced,0.8806451612903226,0.8620689655172413,0.8947368421052632,0.9259259259259259,0.8064516129032258,0.09701381141128348,0.09446049047555317
1,3,neg_log_loss,enhanced,Compressed + Interaction,10.0,balanced,0.8784946236559139,0.8620689655172413,0.8947368421052632,0.9259259259259259,0.8064516129032258,0.09693480891170897,0.09805345479769706
1,4,neg_log_loss,orig_quality_hr,Original: Quality + HR,1.0,None,0.9388597149287322,0.9,0.918918918918919,0.9310344827586207,0.8709677419354839,0.07006113464182476,0.08729848111593856
1,4,neg_log_loss,orig_sleep_pa,Original: Sleep + PA,0.1,None,0.9028507126781695,0.9,0.918918918918919,0.9310344827586207,0.8709677419354839,0.07744745565607397,0.05947295493004206
1,4,neg_log_loss,orig_sleep_hr,Original: Sleep + HR,0.1,None,0.9238559639909977,0.9,0.918918918918919,0.9310344827586207,0.8709677419354839,0.07765302158173779,0.07573211612747457
1,4,neg_log_loss,orig_quality_pa,Original: Quality + PA,10.0,None,0.9036009002250563,0.9152542372881356,0.9324324324324325,0.9642857142857143,0.8709677419354839,0.07254995212605213,0.08237519979403866
1,4,neg_log_loss,compressed,Compressed Derived,0.1,None,0.9223555888972242,0.9,0.918918918918919,0.9310344827586207,0.8709677419354839,0.07699788790032182,0.07711903880490567
1,4,neg_log_loss,enhanced,Compressed + Interaction,0.1,None,0.9223555888972242,0.9,0.918918918918919,0.9310344827586207,0.8709677419354839,0.0765236095425775,0.0795693906206045
1,5,neg_log_loss,orig_quality_hr,Original: Quality + HR,0.1,None,0.9377344336084021,0.8923076923076924,0.9054054054054054,0.8529411764705882,0.9354838709677419,0.07573400543762566,0.044758943845541826
1,5,neg_log_loss,orig_sleep_pa,Original: Sleep + PA,0.1,None,0.9583645911477869,0.8923076923076924,0.9054054054054054,0.8529411764705882,0.9354838709677419,0.07381777636729703,0.09106748294864386
1,5,neg_log_loss,orig_sleep_hr,Original: Sleep + HR,0.1,None,0.9628657164291072,0.8923076923076924,0.9054054054054054,0.8529411764705882,0.9354838709677419,0.0748764520039975,0.11366699681241473
1,5,neg_log_loss,orig_quality_pa,Original: Quality + PA,0.1,None,0.9459864966241561,0.8923076923076924,0.9054054054054054,0.8529411764705882,0.9354838709677419,0.07453656480360099,0.07943558011233287
1,5,neg_log_loss,compressed,Compressed Derived,1.0,None,0.9369842460615154,0.8923076923076924,0.9054054054054054,0.8529411764705882,0.9354838709677419,0.07913317993178155,0.06171489402136205
1,5,neg_log_loss,enhanced,Compressed + Interaction,0.1,None,0.9429857464366093,0.8923076923076924,0.9054054054054054,0.8529411764705882,0.9354838709677419,0.07647934452554464,0.0541393326617922
2,1,neg_log_loss,orig_quality_hr,Original: Quality + HR,0.1,None,0.969941348973607,0.9180327868852459,0.9333333333333333,0.9333333333333333,0.9032258064516129,0.058498001105013714,0.07616886460749489
2,1,neg_log_loss,orig_sleep_pa,Original: Sleep + PA,0.1,None,0.9780058651026393,0.9180327868852459,0.9333333333333333,0.9333333333333333,0.9032258064516129,0.0590409611747392,0.06818109212691789
2,1,neg_log_loss,orig_sleep_hr,Original: Sleep + HR,0.1,None,0.9684750733137829,0.9180327868852459,0.9333333333333333,0.9333333333333333,0.9032258064516129,0.06140780780778383,0.06365581211671312
2,1,neg_log_loss,orig_quality_pa,Original: Quality + PA,0.1,None,0.9714076246334311,0.9180327868852459,0.9333333333333333,0.9333333333333333,0.9032258064516129,0.05664835791789061,0.07258400103936281
2,1,neg_log_loss,compressed,Compressed Derived,0.1,None,0.9699413489736071,0.9180327868852459,0.9333333333333333,0.9333333333333333,0.9032258064516129,0.05847063421736342,0.0598518860739454
2,1,neg_log_loss,enhanced,Compressed + Interaction,0.1,None,0.969208211143695,0.9180327868852459,0.9333333333333333,0.9333333333333333,0.9032258064516129,0.05862080194518928,0.05854847757462628
2,2,neg_log_loss,orig_quality_hr,Original: Quality + HR,0.1,None,0.9332844574780058,0.896551724137931,0.92,0.9629629629629629,0.8387096774193549,0.06852358515873966,0.08098246176857085
2,2,neg_log_loss,orig_sleep_pa,Original: Sleep + PA,1.0,None,0.9574780058651026,0.896551724137931,0.92,0.9629629629629629,0.8387096774193549,0.06995011254432008,0.10541838227213321
2,2,neg_log_loss,orig_sleep_hr,Original: Sleep + HR,0.1,None,0.9640762463343108,0.896551724137931,0.92,0.9629629629629629,0.8387096774193549,0.07254958685608702,0.10566054931325733
2,2,neg_log_loss,orig_quality_pa,Original: Quality + PA,1.0,None,0.9472140762463342,0.896551724137931,0.92,0.9629629629629629,0.8387096774193549,0.059503133598667664,0.0668035952686329
2,2,neg_log_loss,compressed,Compressed Derived,0.1,None,0.9354838709677419,0.896551724137931,0.92,0.9629629629629629,0.8387096774193549,0.07133555775598127,0.08866334344726347
2,2,neg_log_loss,enhanced,Compressed + Interaction,0.1,None,0.9340175953079178,0.896551724137931,0.92,0.9629629629629629,0.8387096774193549,0.07133617930992729,0.07719230461307838
2,3,neg_log_loss,orig_quality_hr,Original: Quality + HR,0.1,None,0.9339834958739686,0.9032258064516129,0.918918918918919,0.9032258064516129,0.9032258064516129,0.08669721443254007,0.12945076589992613
2,3,neg_log_loss,orig_sleep_pa,Original: Sleep + PA,0.1,None,0.9279819954988747,0.9032258064516129,0.918918918918919,0.9032258064516129,0.9032258064516129,0.09146544712780899,0.13925150860360236
2,3,neg_log_loss,orig_sleep_hr,Original: Sleep + HR,0.1,None,0.9324831207801951,0.9032258064516129,0.918918918918919,0.9032258064516129,0.9032258064516129,0.08979740327463485,0.13860878661542822
2,3,neg_log_loss,orig_quality_pa,Original: Quality + PA,0.1,None,0.9332333083270817,0.9032258064516129,0.918918918918919,0.9032258064516129,0.9032258064516129,0.08726431644840506,0.1319666571245309
2,3,neg_log_loss,compressed,Compressed Derived,0.1,None,0.9339834958739685,0.9032258064516129,0.918918918918919,0.9032258064516129,0.9032258064516129,0.08649185947707465,0.12885935670230453
2,3,neg_log_loss,enhanced,Compressed + Interaction,0.1,None,0.9339834958739685,0.9032258064516129,0.918918918918919,0.9032258064516129,0.9032258064516129,0.08395112183747942,0.12475098010171223
2,4,neg_log_loss,orig_quality_hr,Original: Quality + HR,1.0,None,0.9564891222805701,0.9253731343283582,0.9324324324324325,0.8611111111111112,1.0,0.06408831320890729,0.070320983748104
2,4,neg_log_loss,orig_sleep_pa,Original: Sleep + PA,0.1,None,0.9594898724681171,0.8923076923076924,0.9054054054054054,0.8529411764705882,0.9354838709677419,0.07762143655396944,0.09292229857326548
2,4,neg_log_loss,orig_sleep_hr,Original: Sleep + HR,0.1,None,0.9572393098274569,0.8923076923076924,0.9054054054054054,0.8529411764705882,0.9354838709677419,0.07518118269222032,0.09336358908192638
2,4,neg_log_loss,orig_quality_pa,Original: Quality + PA,1.0,None,0.9602400600150037,0.9253731343283582,0.9324324324324325,0.8611111111111112,1.0,0.0639846404750847,0.07097056657173417
2,4,neg_log_loss,compressed,Compressed Derived,0.1,None,0.9624906226556639,0.8923076923076924,0.9054054054054054,0.8529411764705882,0.9354838709677419,0.07769362008211494,0.09697094509065216
2,4,neg_log_loss,enhanced,Compressed + Interaction,0.1,None,0.9609902475618904,0.8923076923076924,0.9054054054054054,0.8529411764705882,0.9354838709677419,0.0769840516269016,0.0846468465956382
2,5,neg_log_loss,orig_quality_hr,Original: Quality + HR,1.0,balanced,0.9125448028673836,0.8484848484848485,0.868421052631579,0.8,0.9032258064516129,0.09343695106599144,0.0854845857046648
2,5,neg_log_loss,orig_sleep_pa,Original: Sleep + PA,0.1,None,0.9010752688172045,0.8484848484848485,0.868421052631579,0.8,0.9032258064516129,0.09940872595174705,0.11093155993857184
2,5,neg_log_loss,orig_sleep_hr,Original: Sleep + HR,0.1,None,0.9068100358422939,0.8484848484848485,0.868421052631579,0.8,0.9032258064516129,0.09666581212553453,0.0931288239477181
2,5,neg_log_loss,orig_quality_pa,Original: Quality + PA,0.1,None,0.9025089605734767,0.8484848484848485,0.868421052631579,0.8,0.9032258064516129,0.09590549020205515,0.09000785156588773
2,5,neg_log_loss,compressed,Compressed Derived,0.1,None,0.9075268817204302,0.8484848484848485,0.868421052631579,0.8,0.9032258064516129,0.09420660862441772,0.10260968664957645
2,5,neg_log_loss,enhanced,Compressed + Interaction,0.1,None,0.9161290322580645,0.8484848484848485,0.868421052631579,0.8,0.9032258064516129,0.09502506976610232,0.11126560201284766
3,1,neg_log_loss,orig_quality_hr,Original: Quality + HR,0.1,None,0.9794721407624634,0.9117647058823529,0.92,0.8378378378378378,1.0,0.058564150320627256,0.08304404738445799
3,1,neg_log_loss,orig_sleep_pa,Original: Sleep + PA,0.1,None,0.9838709677419355,0.9117647058823529,0.92,0.8378378378378378,1.0,0.05412417254554582,0.09559218190916319
3,1,neg_log_loss,orig_sleep_hr,Original: Sleep + HR,0.1,None,0.9765395894428153,0.9117647058823529,0.92,0.8378378378378378,1.0,0.05995400352586536,0.08728617695451577
3,1,neg_log_loss,orig_quality_pa,Original: Quality + PA,0.1,None,0.9890029325513197,0.9117647058823529,0.92,0.8378378378378378,1.0,0.0529088365390975,0.0885907549902457
3,1,neg_log_loss,compressed,Compressed Derived,0.1,None,0.9824046920821113,0.9117647058823529,0.92,0.8378378378378378,1.0,0.05737816580076976,0.07821213615300888
3,1,neg_log_loss,enhanced,Compressed + Interaction,0.1,None,0.9802052785923755,0.9117647058823529,0.92,0.8378378378378378,1.0,0.05891824163970762,0.07997229666020919
3,2,neg_log_loss,orig_quality_hr,Original: Quality + HR,0.1,None,0.9519879969992499,0.9206349206349206,0.9324324324324325,0.90625,0.9354838709677419,0.06354807086287048,0.0893718640548967
3,2,neg_log_loss,orig_sleep_pa,Original: Sleep + PA,0.1,None,0.9504876219054764,0.9206349206349206,0.9324324324324325,0.90625,0.9354838709677419,0.07461237963711531,0.10728495523576288
3,2,neg_log_loss,orig_sleep_hr,Original: Sleep + HR,0.1,None,0.9534883720930233,0.9206349206349206,0.9324324324324325,0.90625,0.9354838709677419,0.07086878413726203,0.09807895713572816
3,2,neg_log_loss,orig_quality_pa,Original: Quality + PA,0.1,None,0.9519879969992497,0.9206349206349206,0.9324324324324325,0.90625,0.9354838709677419,0.06536507948861403,0.09275762036961757
3,2,neg_log_loss,compressed,Compressed Derived,0.1,None,0.9546136534133534,0.9206349206349206,0.9324324324324325,0.90625,0.9354838709677419,0.06965798236125344,0.09027306185027556
3,2,neg_log_loss,enhanced,Compressed + Interaction,0.1,None,0.9531132783195799,0.9206349206349206,0.9324324324324325,0.90625,0.9354838709677419,0.06716867704187188,0.070618697536919
3,3,neg_log_loss,orig_quality_hr,Original: Quality + HR,0.1,None,0.9666166541635409,0.9310344827586207,0.9459459459459459,1.0,0.8709677419354839,0.05251488389918209,0.11135439435813393
3,3,neg_log_loss,orig_sleep_pa,Original: Sleep + PA,0.1,None,0.9718679669917479,0.9310344827586207,0.9459459459459459,1.0,0.8709677419354839,0.06162378748195525,0.12098257121059128
3,3,neg_log_loss,orig_sleep_hr,Original: Sleep + HR,0.1,None,0.971867966991748,0.9310344827586207,0.9459459459459459,1.0,0.8709677419354839,0.05651358731271581,0.11161904601848657
3,3,neg_log_loss,orig_quality_pa,Original: Quality + PA,0.1,None,0.966616654163541,0.9310344827586207,0.9459459459459459,1.0,0.8709677419354839,0.05470333354466105,0.11517135915190162
3,3,neg_log_loss,compressed,Compressed Derived,0.1,None,0.9681170292573145,0.9310344827586207,0.9459459459459459,1.0,0.8709677419354839,0.05445402634857628,0.10675321990783661
3,3,neg_log_loss,enhanced,Compressed + Interaction,0.1,None,0.9681170292573145,0.9310344827586207,0.9459459459459459,1.0,0.8709677419354839,0.05374525110795444,0.10473731657934897
3,4,neg_log_loss,orig_quality_hr,Original: Quality + HR,0.1,None,0.9197214076246334,0.8709677419354839,0.8933333333333333,0.8709677419354839,0.8709677419354839,0.08516083726059151,0.08815881342311904
3,4,neg_log_loss,orig_sleep_pa,Original: Sleep + PA,1.0,None,0.9197214076246334,0.8709677419354839,0.8933333333333333,0.8709677419354839,0.8709677419354839,0.08683840140138865,0.05961621187296944
3,4,neg_log_loss,orig_sleep_hr,Original: Sleep + HR,0.1,None,0.9189882697947214,0.8709677419354839,0.8933333333333333,0.8709677419354839,0.8709677419354839,0.08796183629770164,0.07677294390898437
3,4,neg_log_loss,orig_quality_pa,Original: Quality + PA,1.0,None,0.9211876832844574,0.8709677419354839,0.8933333333333333,0.8709677419354839,0.8709677419354839,0.07719244195544213,0.053054487357662355
3,4,neg_log_loss,compressed,Compressed Derived,0.1,None,0.9153225806451613,0.8709677419354839,0.8933333333333333,0.8709677419354839,0.8709677419354839,0.0867383607615475,0.10232825742424247
3,4,neg_log_loss,enhanced,Compressed + Interaction,0.1,None,0.9153225806451613,0.8709677419354839,0.8933333333333333,0.8709677419354839,0.8709677419354839,0.08576826796403224,0.09277005441437078
3,5,neg_log_loss,orig_quality_hr,Original: Quality + HR,1.0,None,0.8315412186379928,0.7796610169491526,0.8289473684210527,0.8214285714285714,0.7419354838709677,0.14028929644951169,0.10029783403405018
3,5,neg_log_loss,orig_sleep_pa,Original: Sleep + PA,1.0,None,0.8200716845878135,0.819672131147541,0.8552631578947368,0.8333333333333334,0.8064516129032258,0.14245463717724757,0.1312458370674557
3,5,neg_log_loss,orig_sleep_hr,Original: Sleep + HR,0.1,None,0.8279569892473118,0.819672131147541,0.8552631578947368,0.8333333333333334,0.8064516129032258,0.1304201131033377,0.11293242049008456
3,5,neg_log_loss,orig_quality_pa,Original: Quality + PA,1.0,None,0.8315412186379928,0.7796610169491526,0.8289473684210527,0.8214285714285714,0.7419354838709677,0.14014962499476413,0.10207281187252398
3,5,neg_log_loss,compressed,Compressed Derived,0.1,None,0.8501792114695339,0.819672131147541,0.8552631578947368,0.8333333333333334,0.8064516129032258,0.13066563898959446,0.05938305349710507
3,5,neg_log_loss,enhanced,Compressed + Interaction,0.1,None,0.8487455197132616,0.819672131147541,0.8552631578947368,0.8333333333333334,0.8064516129032258,0.13070443299065077,0.05874105127724506
4,1,neg_log_loss,orig_quality_hr,Original: Quality + HR,1.0,None,0.9494134897360704,0.90625,0.92,0.8787878787878788,0.9354838709677419,0.08015986878344199,0.0335442552603987
4,1,neg_log_loss,orig_sleep_pa,Original: Sleep + PA,0.1,None,0.9538123167155425,0.8923076923076924,0.9066666666666666,0.8529411764705882,0.9354838709677419,0.07729991410187907,0.04489681787785129
4,1,neg_log_loss,orig_sleep_hr,Original: Sleep + HR,0.1,None,0.9648093841642228,0.8923076923076924,0.9066666666666666,0.8529411764705882,0.9354838709677419,0.07476400706923209,0.05425346865491602
4,1,neg_log_loss,orig_quality_pa,Original: Quality + PA,0.1,None,0.9508797653958945,0.8923076923076924,0.9066666666666666,0.8529411764705882,0.9354838709677419,0.0783799694446099,0.033147652026967525
4,1,neg_log_loss,compressed,Compressed Derived,1.0,None,0.936217008797654,0.90625,0.92,0.8787878787878788,0.9354838709677419,0.07868631810073635,0.04712545549093042
4,1,neg_log_loss,enhanced,Compressed + Interaction,0.1,None,0.9596774193548386,0.8923076923076924,0.9066666666666666,0.8529411764705882,0.9354838709677419,0.07508371348022021,0.05051477899664521
4,2,neg_log_loss,orig_quality_hr,Original: Quality + HR,0.1,None,0.9711177794448612,0.9375,0.9459459459459459,0.9090909090909091,0.967741935483871,0.06212620699198845,0.14198740781857547
4,2,neg_log_loss,orig_sleep_pa,Original: Sleep + PA,0.1,None,0.9673668417104276,0.9090909090909091,0.918918918918919,0.8571428571428571,0.967741935483871,0.06845312464829154,0.11418452034157359
4,2,neg_log_loss,orig_sleep_hr,Original: Sleep + HR,0.1,None,0.9756189047261815,0.9090909090909091,0.918918918918919,0.8571428571428571,0.967741935483871,0.06708775069128613,0.12485927961475282
4,2,neg_log_loss,orig_quality_pa,Original: Quality + PA,0.1,None,0.9568642160540135,0.9090909090909091,0.918918918918919,0.8571428571428571,0.967741935483871,0.062186347589074605,0.12456551599427812
4,2,neg_log_loss,compressed,Compressed Derived,0.1,None,0.9688672168042011,0.967741935483871,0.972972972972973,0.967741935483871,0.967741935483871,0.0636234746090853,0.13031169043082994
4,2,neg_log_loss,enhanced,Compressed + Interaction,0.1,None,0.9718679669917479,0.9090909090909091,0.918918918918919,0.8571428571428571,0.967741935483871,0.060588641356130235,0.11903784724445994
4,3,neg_log_loss,orig_quality_hr,Original: Quality + HR,0.1,None,0.9585777126099707,0.8813559322033898,0.9066666666666666,0.9285714285714286,0.8387096774193549,0.07387202980578866,0.12088403940364725
4,3,neg_log_loss,orig_sleep_pa,Original: Sleep + PA,0.1,None,0.9582111436950147,0.8813559322033898,0.9066666666666666,0.9285714285714286,0.8387096774193549,0.08899220159757042,0.13695908463370984
4,3,neg_log_loss,orig_sleep_hr,Original: Sleep + HR,0.1,None,0.9618768328445748,0.8813559322033898,0.9066666666666666,0.9285714285714286,0.8387096774193549,0.08278871171314044,0.12684490501086526
4,3,neg_log_loss,orig_quality_pa,Original: Quality + PA,1.0,None,0.9556451612903225,0.8813559322033898,0.9066666666666666,0.9285714285714286,0.8387096774193549,0.06860963157441828,0.09290016167570447
4,3,neg_log_loss,compressed,Compressed Derived,0.1,None,0.9618768328445748,0.8813559322033898,0.9066666666666666,0.9285714285714286,0.8387096774193549,0.07789415829282409,0.12513933595724883
4,3,neg_log_loss,enhanced,Compressed + Interaction,0.1,None,0.9582111436950147,0.8813559322033898,0.9066666666666666,0.9285714285714286,0.8387096774193549,0.08330777108074267,0.12360957321301012
4,4,neg_log_loss,orig_quality_hr,Original: Quality + HR,0.1,None,0.9381095273818454,0.9152542372881356,0.9324324324324325,0.9642857142857143,0.8709677419354839,0.06661783427930285,0.0810723135128394
4,4,neg_log_loss,orig_sleep_pa,Original: Sleep + PA,0.1,None,0.8953488372093024,0.9152542372881356,0.9324324324324325,0.9642857142857143,0.8709677419354839,0.07343985887648263,0.09463095219144457
4,4,neg_log_loss,orig_sleep_hr,Original: Sleep + HR,0.1,None,0.9013503375843961,0.9152542372881356,0.9324324324324325,0.9642857142857143,0.8709677419354839,0.06969683644664854,0.06229301931126169
4,4,neg_log_loss,orig_quality_pa,Original: Quality + PA,1.0,None,0.896099024756189,0.9152542372881356,0.9324324324324325,0.9642857142857143,0.8709677419354839,0.06973827947159192,0.09192654629015863
4,4,neg_log_loss,compressed,Compressed Derived,0.1,None,0.9216054013503376,0.9152542372881356,0.9324324324324325,0.9642857142857143,0.8709677419354839,0.07074056202114491,0.08936180646467701
4,4,neg_log_loss,enhanced,Compressed + Interaction,0.1,None,0.9216054013503376,0.9152542372881356,0.9324324324324325,0.9642857142857143,0.8709677419354839,0.06904770408052935,0.08965179391915998
4,5,neg_log_loss,orig_quality_hr,Original: Quality + HR,1.0,None,0.8910394265232975,0.8571428571428571,0.881578947368421,0.84375,0.8709677419354839,0.10447240865145994,0.08100535504344654
4,5,neg_log_loss,orig_sleep_pa,Original: Sleep + PA,0.1,None,0.9017921146953405,0.8571428571428571,0.881578947368421,0.84375,0.8709677419354839,0.10175188006287715,0.06791365427797624
4,5,neg_log_loss,orig_sleep_hr,Original: Sleep + HR,1.0,None,0.8788530465949822,0.8571428571428571,0.881578947368421,0.84375,0.8709677419354839,0.10831062255309565,0.06186727128912701
4,5,neg_log_loss,orig_quality_pa,Original: Quality + PA,0.1,None,0.8896057347670251,0.8571428571428571,0.881578947368421,0.84375,0.8709677419354839,0.10029489201793655,0.08285202625252003
4,5,neg_log_loss,compressed,Compressed Derived,0.1,None,0.8752688172043012,0.8571428571428571,0.881578947368421,0.84375,0.8709677419354839,0.10645602577509089,0.08015574846289711
4,5,neg_log_loss,enhanced,Compressed + Interaction,0.1,None,0.8752688172043012,0.8571428571428571,0.881578947368421,0.84375,0.8709677419354839,0.10648238318000904,0.07843510880453927
5,1,neg_log_loss,orig_quality_hr,Original: Quality + HR,1.0,None,0.9791055718475073,0.9523809523809523,0.96,0.9375,0.967741935483871,0.03803849391912914,0.03735048032149559
5,1,neg_log_loss,orig_sleep_pa,Original: Sleep + PA,1.0,None,0.9794721407624633,0.9523809523809523,0.96,0.9375,0.967741935483871,0.03991238918756083,0.040991976740553236
5,1,neg_log_loss,orig_sleep_hr,Original: Sleep + HR,0.1,None,0.9809384164222874,0.9523809523809523,0.96,0.9375,0.967741935483871,0.04142303790555876,0.06861425417635375
5,1,neg_log_loss,orig_quality_pa,Original: Quality + PA,1.0,None,0.9776392961876833,0.9523809523809523,0.96,0.9375,0.967741935483871,0.03861808102997996,0.03907514911719236
5,1,neg_log_loss,compressed,Compressed Derived,0.1,None,0.9813049853372434,0.9523809523809523,0.96,0.9375,0.967741935483871,0.04044469158748858,0.06099488964855194
5,1,neg_log_loss,enhanced,Compressed + Interaction,0.1,None,0.9813049853372434,0.9523809523809523,0.96,0.9375,0.967741935483871,0.03939590838497766,0.05505945134590752
5,2,neg_log_loss,orig_quality_hr,Original: Quality + HR,0.1,None,0.937683284457478,0.8852459016393442,0.9066666666666666,0.9,0.8709677419354839,0.0777614485566949,0.1004102590467
5,2,neg_log_loss,orig_sleep_pa,Original: Sleep + PA,0.1,None,0.9428152492668621,0.8852459016393442,0.9066666666666666,0.9,0.8709677419354839,0.08534022258484177,0.1036579022616208
5,2,neg_log_loss,orig_sleep_hr,Original: Sleep + HR,0.1,None,0.9303519061583577,0.8852459016393442,0.9066666666666666,0.9,0.8709677419354839,0.0848039705757049,0.09601091394117198
5,2,neg_log_loss,orig_quality_pa,Original: Quality + PA,0.1,None,0.9450146627565982,0.8852459016393442,0.9066666666666666,0.9,0.8709677419354839,0.07773545326752783,0.09820064588535848
5,2,neg_log_loss,compressed,Compressed Derived,0.1,None,0.9391495601173021,0.8852459016393442,0.9066666666666666,0.9,0.8709677419354839,0.08008922786336016,0.10523564620566875
5,2,neg_log_loss,enhanced,Compressed + Interaction,0.1,None,0.9391495601173021,0.8852459016393442,0.9066666666666666,0.9,0.8709677419354839,0.07864981460236423,0.09639497989844668
5,3,neg_log_loss,orig_quality_hr,Original: Quality + HR,1.0,None,0.9032258064516129,0.8955223880597015,0.9054054054054054,0.8333333333333334,0.967741935483871,0.09705193493303145,0.09860491255631625
5,3,neg_log_loss,orig_sleep_pa,Original: Sleep + PA,1.0,None,0.8972243060765192,0.8955223880597015,0.9054054054054054,0.8333333333333334,0.967741935483871,0.10021661234328368,0.11960784187568298
5,3,neg_log_loss,orig_sleep_hr,Original: Sleep + HR,1.0,None,0.9024756189047262,0.8955223880597015,0.9054054054054054,0.8333333333333334,0.967741935483871,0.09975100574994226,0.11606011755125294
5,3,neg_log_loss,orig_quality_pa,Original: Quality + PA,1.0,None,0.9032258064516129,0.8955223880597015,0.9054054054054054,0.8333333333333334,0.967741935483871,0.09648036562877856,0.0981863535824756
5,3,neg_log_loss,compressed,Compressed Derived,1.0,None,0.9024756189047262,0.8695652173913043,0.8783783783783784,0.7894736842105263,0.967741935483871,0.1011865730140731,0.11365409400243195
5,3,neg_log_loss,enhanced,Compressed + Interaction,1.0,None,0.905476369092273,0.8695652173913043,0.8783783783783784,0.7894736842105263,0.967741935483871,0.10153239660663642,0.11691459325006132
5,4,neg_log_loss,orig_quality_hr,Original: Quality + HR,1.0,None,0.9189797449362341,0.8888888888888888,0.9054054054054054,0.875,0.9032258064516129,0.06947092105333937,0.08624573693267541
5,4,neg_log_loss,orig_sleep_pa,Original: Sleep + PA,0.1,None,0.940735183795949,0.8888888888888888,0.9054054054054054,0.875,0.9032258064516129,0.0794920812933108,0.08789946463551916
5,4,neg_log_loss,orig_sleep_hr,Original: Sleep + HR,1.0,None,0.9444861215303827,0.8888888888888888,0.9054054054054054,0.875,0.9032258064516129,0.0779799459719173,0.09280343728144165
5,4,neg_log_loss,orig_quality_pa,Original: Quality + PA,0.1,None,0.918979744936234,0.8888888888888888,0.9054054054054054,0.875,0.9032258064516129,0.07464699340008757,0.0928571764953357
5,4,neg_log_loss,compressed,Compressed Derived,0.1,None,0.9212303075768943,0.8888888888888888,0.9054054054054054,0.875,0.9032258064516129,0.07560131331452921,0.1195796718938561
5,4,neg_log_loss,enhanced,Compressed + Interaction,0.1,None,0.9212303075768942,0.8888888888888888,0.9054054054054054,0.875,0.9032258064516129,0.07643076956767154,0.11231306388827834
5,5,neg_log_loss,orig_quality_hr,Original: Quality + HR,0.1,None,0.9218637992831541,0.8571428571428571,0.8947368421052632,0.96,0.7741935483870968,0.0816698349895165,0.08671528316222263
5,5,neg_log_loss,orig_sleep_pa,Original: Sleep + PA,1.0,None,0.8903225806451613,0.8571428571428571,0.8947368421052632,0.96,0.7741935483870968,0.09403449464693217,0.10130659815497281
5,5,neg_log_loss,orig_sleep_hr,Original: Sleep + HR,0.1,None,0.9082437275985664,0.8571428571428571,0.8947368421052632,0.96,0.7741935483870968,0.08753893730274906,0.07917666139377803
5,5,neg_log_loss,orig_quality_pa,Original: Quality + PA,1.0,None,0.888888888888889,0.896551724137931,0.9210526315789473,0.9629629629629629,0.8387096774193549,0.0821003693676724,0.09454656482697696
5,5,neg_log_loss,compressed,Compressed Derived,0.1,None,0.8946236559139784,0.8571428571428571,0.8947368421052632,0.96,0.7741935483870968,0.08790107214848945,0.10261739222771862
5,5,neg_log_loss,enhanced,Compressed + Interaction,0.1,None,0.8946236559139784,0.8571428571428571,0.8947368421052632,0.96,0.7741935483870968,0.08955077224360125,0.09907084666313679
6,1,neg_log_loss,orig_quality_hr,Original: Quality + HR,1.0,None,0.9545454545454546,0.8888888888888888,0.9066666666666666,0.875,0.9032258064516129,0.07007791830549912,0.042365753119511636
6,1,neg_log_loss,orig_sleep_pa,Original: Sleep + PA,0.1,None,0.9574780058651026,0.8888888888888888,0.9066666666666666,0.875,0.9032258064516129,0.07678814435283197,0.04991097380955916
6,1,neg_log_loss,orig_sleep_hr,Original: Sleep + HR,0.1,None,0.9589442815249266,0.8888888888888888,0.9066666666666666,0.875,0.9032258064516129,0.07334259481268424,0.028367901668310366
6,1,neg_log_loss,orig_quality_pa,Original: Quality + PA,0.1,None,0.9545454545454546,0.8888888888888888,0.9066666666666666,0.875,0.9032258064516129,0.07132527510699059,0.0384306117537424
6,1,neg_log_loss,compressed,Compressed Derived,1.0,None,0.9472140762463342,0.8888888888888888,0.9066666666666666,0.875,0.9032258064516129,0.07391156932334216,0.06004370281591541
6,1,neg_log_loss,enhanced,Compressed + Interaction,0.1,None,0.9567448680351907,0.8888888888888888,0.9066666666666666,0.875,0.9032258064516129,0.07601297683708572,0.01731761463217719
6,2,neg_log_loss,orig_quality_hr,Original: Quality + HR,1.0,None,0.9534457478005864,0.9230769230769231,0.9333333333333333,0.8823529411764706,0.967741935483871,0.06643923471855247,0.05718851872465948
6,2,neg_log_loss,orig_sleep_pa,Original: Sleep + PA,0.1,None,0.9292521994134897,0.8955223880597015,0.9066666666666666,0.8333333333333334,0.967741935483871,0.07919207463564013,0.09265379119377778
6,2,neg_log_loss,orig_sleep_hr,Original: Sleep + HR,1.0,None,0.9424486803519061,0.8955223880597015,0.9066666666666666,0.8333333333333334,0.967741935483871,0.0729724863786388,0.07678218808181753
6,2,neg_log_loss,orig_quality_pa,Original: Quality + PA,0.1,None,0.938782991202346,0.8955223880597015,0.9066666666666666,0.8333333333333334,0.967741935483871,0.07515236290514966,0.10180600623341335
6,2,neg_log_loss,compressed,Compressed Derived,0.1,None,0.9292521994134897,0.9230769230769231,0.9333333333333333,0.8823529411764706,0.967741935483871,0.07792674794155613,0.08593636116134509
6,2,neg_log_loss,enhanced,Compressed + Interaction,0.1,None,0.9299853372434017,0.8955223880597015,0.9066666666666666,0.8333333333333334,0.967741935483871,0.07509756500071338,0.07235360170332925
6,3,neg_log_loss,orig_quality_hr,Original: Quality + HR,0.1,None,0.9568642160540136,0.9,0.918918918918919,0.9310344827586207,0.8709677419354839,0.07698879588698189,0.10257194338905629
6,3,neg_log_loss,orig_sleep_pa,Original: Sleep + PA,0.1,None,0.9546136534133534,0.9,0.918918918918919,0.9310344827586207,0.8709677419354839,0.08122935674821033,0.11474408450604563
6,3,neg_log_loss,orig_sleep_hr,Original: Sleep + HR,0.1,None,0.9591147786946738,0.9,0.918918918918919,0.9310344827586207,0.8709677419354839,0.07820079420729065,0.10685867339742207
6,3,neg_log_loss,orig_quality_pa,Original: Quality + PA,0.1,None,0.9591147786946737,0.9,0.918918918918919,0.9310344827586207,0.8709677419354839,0.08038124053021777,0.11047264787777838
6,3,neg_log_loss,compressed,Compressed Derived,0.1,None,0.9598649662415604,0.9,0.918918918918919,0.9310344827586207,0.8709677419354839,0.07481300742834446,0.08668184174509239
6,3,neg_log_loss,enhanced,Compressed + Interaction,0.1,None,0.9598649662415604,0.9,0.918918918918919,0.9310344827586207,0.8709677419354839,0.07303339314411612,0.0777830484907507
6,4,neg_log_loss,orig_quality_hr,Original: Quality + HR,1.0,None,0.9154121863799283,0.9333333333333333,0.9473684210526315,0.9655172413793104,0.9032258064516129,0.07280232892175044,0.09135513195782716
6,4,neg_log_loss,orig_sleep_pa,Original: Sleep + PA,1.0,None,0.9075268817204303,0.896551724137931,0.9210526315789473,0.9629629629629629,0.8387096774193549,0.09192493987449198,0.11127908135315955
6,4,neg_log_loss,orig_sleep_hr,Original: Sleep + HR,1.0,None,0.9132616487455197,0.896551724137931,0.9210526315789473,0.9629629629629629,0.8387096774193549,0.08543748105434855,0.1074154842081954
6,4,neg_log_loss,orig_quality_pa,Original: Quality + PA,1.0,None,0.9168458781362007,0.896551724137931,0.9210526315789473,0.9629629629629629,0.8387096774193549,0.07496656661201093,0.10338688454564132
6,4,neg_log_loss,compressed,Compressed Derived,0.1,None,0.9139784946236561,0.896551724137931,0.9210526315789473,0.9629629629629629,0.8387096774193549,0.08298887257034372,0.12204348242912975
6,4,neg_log_loss,enhanced,Compressed + Interaction,0.1,None,0.9125448028673836,0.8666666666666667,0.8947368421052632,0.896551724137931,0.8387096774193549,0.08556840277658953,0.11023730237364952
6,5,neg_log_loss,orig_quality_hr,Original: Quality + HR,1.0,None,0.9317329332333084,0.9032258064516129,0.918918918918919,0.9032258064516129,0.9032258064516129,0.073551875312264,0.0792435722800409
6,5,neg_log_loss,orig_sleep_pa,Original: Sleep + PA,1.0,None,0.9414853713428357,0.9032258064516129,0.918918918918919,0.9032258064516129,0.9032258064516129,0.0731788253642875,0.04961688285498594
6,5,neg_log_loss,orig_sleep_hr,Original: Sleep + HR,1.0,None,0.9234808702175544,0.9032258064516129,0.918918918918919,0.9032258064516129,0.9032258064516129,0.07612069296046094,0.0406141344003378
6,5,neg_log_loss,orig_quality_pa,Original: Quality + PA,1.0,None,0.9309827456864216,0.9032258064516129,0.918918918918919,0.9032258064516129,0.9032258064516129,0.07052404322980727,0.06143603839576674
6,5,neg_log_loss,compressed,Compressed Derived,1.0,None,0.9369842460615154,0.9032258064516129,0.918918918918919,0.9032258064516129,0.9032258064516129,0.07342351125999495,0.08645982762700354
6,5,neg_log_loss,enhanced,Compressed + Interaction,0.1,None,0.9279819954988747,0.9032258064516129,0.918918918918919,0.9032258064516129,0.9032258064516129,0.07543177802730382,0.04185705020142143
7,1,neg_log_loss,orig_quality_hr,Original: Quality + HR,1.0,balanced,0.9615102639296188,0.8955223880597015,0.9066666666666666,0.8333333333333334,0.967741935483871,0.06259992321179646,0.05349122410534138
7,1,neg_log_loss,orig_sleep_pa,Original: Sleep + PA,0.1,None,0.9736070381231671,0.8955223880597015,0.9066666666666666,0.8333333333333334,0.967741935483871,0.06265419453807688,0.0871203780124308
7,1,neg_log_loss,orig_sleep_hr,Original: Sleep + HR,0.1,None,0.9736070381231672,0.8955223880597015,0.9066666666666666,0.8333333333333334,0.967741935483871,0.06338582733130796,0.09676182801501886
7,1,neg_log_loss,orig_quality_pa,Original: Quality + PA,0.1,None,0.9717741935483871,0.8955223880597015,0.9066666666666666,0.8333333333333334,0.967741935483871,0.06096970434931829,0.0845533762569695
7,1,neg_log_loss,compressed,Compressed Derived,1.0,None,0.9541788856304986,0.8955223880597015,0.9066666666666666,0.8333333333333334,0.967741935483871,0.06965231299568025,0.059790466715939
7,1,neg_log_loss,enhanced,Compressed + Interaction,1.0,None,0.9395161290322581,0.8955223880597015,0.9066666666666666,0.8333333333333334,0.967741935483871,0.07204177032132675,0.050294479461218185
7,2,neg_log_loss,orig_quality_hr,Original: Quality + HR,0.1,balanced,0.9534457478005864,0.9180327868852459,0.9333333333333333,0.9333333333333333,0.9032258064516129,0.06375602399943862,0.07682088873991541
7,2,neg_log_loss,orig_sleep_pa,Original: Sleep + PA,0.1,None,0.9362170087976539,0.9180327868852459,0.9333333333333333,0.9333333333333333,0.9032258064516129,0.07202565208619251,0.07181997498598794
7,2,neg_log_loss,orig_sleep_hr,Original: Sleep + HR,0.1,balanced,0.9464809384164223,0.9180327868852459,0.9333333333333333,0.9333333333333333,0.9032258064516129,0.06402700633494708,0.08504748363192176
7,2,neg_log_loss,orig_quality_pa,Original: Quality + PA,0.1,None,0.9424486803519061,0.9180327868852459,0.9333333333333333,0.9333333333333333,0.9032258064516129,0.07057470238784572,0.07877849889177975
7,2,neg_log_loss,compressed,Compressed Derived,0.1,balanced,0.9497800586510264,0.9180327868852459,0.9333333333333333,0.9333333333333333,0.9032258064516129,0.06462399218706386,0.08432605275800588
7,2,neg_log_loss,enhanced,Compressed + Interaction,0.1,balanced,0.9497800586510264,0.9180327868852459,0.9333333333333333,0.9333333333333333,0.9032258064516129,0.06230197909493345,0.08009147252555504
7,3,neg_log_loss,orig_quality_hr,Original: Quality + HR,1.0,balanced,0.8548387096774194,0.8333333333333334,0.868421052631579,0.8620689655172413,0.8064516129032258,0.11980377189293603,0.07124197709612787
7,3,neg_log_loss,orig_sleep_pa,Original: Sleep + PA,1.0,None,0.8587813620071685,0.8333333333333334,0.868421052631579,0.8620689655172413,0.8064516129032258,0.12591855018193243,0.11554260470545208
7,3,neg_log_loss,orig_sleep_hr,Original: Sleep + HR,1.0,balanced,0.8559139784946238,0.8333333333333334,0.868421052631579,0.8620689655172413,0.8064516129032258,0.12343038209542968,0.10578226272687447
7,3,neg_log_loss,orig_quality_pa,Original: Quality + PA,1.0,None,0.8749103942652331,0.8333333333333334,0.868421052631579,0.8620689655172413,0.8064516129032258,0.11929504771873564,0.08854905932129613
7,3,neg_log_loss,compressed,Compressed Derived,0.1,None,0.853405017921147,0.8333333333333334,0.868421052631579,0.8620689655172413,0.8064516129032258,0.12387410985906043,0.09112526232264931
7,3,neg_log_loss,enhanced,Compressed + Interaction,0.1,None,0.853405017921147,0.8333333333333334,0.868421052631579,0.8620689655172413,0.8064516129032258,0.12220148199088782,0.09577265225400378
7,4,neg_log_loss,orig_quality_hr,Original: Quality + HR,1.0,None,0.9613653413353339,0.9117647058823529,0.918918918918919,0.8378378378378378,1.0,0.07188105117461885,0.09022646029379883
7,4,neg_log_loss,orig_sleep_pa,Original: Sleep + PA,0.1,None,0.9493623405851462,0.8787878787878788,0.8918918918918919,0.8285714285714286,0.9354838709677419,0.08598015758755663,0.08272709174845884
7,4,neg_log_loss,orig_sleep_hr,Original: Sleep + HR,1.0,None,0.95536384096024,0.9117647058823529,0.918918918918919,0.8378378378378378,1.0,0.08136125062010291,0.08769795020304208
7,4,neg_log_loss,orig_quality_pa,Original: Quality + PA,1.0,None,0.9613653413353339,0.9117647058823529,0.918918918918919,0.8378378378378378,1.0,0.07056089128919656,0.08430380881631085
7,4,neg_log_loss,compressed,Compressed Derived,1.0,None,0.9598649662415604,0.9117647058823529,0.918918918918919,0.8378378378378378,1.0,0.07587972034729869,0.09634546942734354
7,4,neg_log_loss,enhanced,Compressed + Interaction,0.1,None,0.9591147786946737,0.8787878787878788,0.8918918918918919,0.8285714285714286,0.9354838709677419,0.08142808848881791,0.08845812641904677
7,5,neg_log_loss,orig_quality_hr,Original: Quality + HR,0.1,None,0.9636159039759941,0.9310344827586207,0.9459459459459459,1.0,0.8709677419354839,0.055939868473071044,0.10899359495024186
7,5,neg_log_loss,orig_sleep_pa,Original: Sleep + PA,1.0,None,0.9531132783195799,0.9310344827586207,0.9459459459459459,1.0,0.8709677419354839,0.05817190295507555,0.10041316309606606
7,5,neg_log_loss,orig_sleep_hr,Original: Sleep + HR,0.1,None,0.9628657164291073,0.9310344827586207,0.9459459459459459,1.0,0.8709677419354839,0.05987693658296063,0.10125117517983476
7,5,neg_log_loss,orig_quality_pa,Original: Quality + PA,1.0,None,0.9673668417104276,0.9310344827586207,0.9459459459459459,1.0,0.8709677419354839,0.04917115497196086,0.10731534037939257
7,5,neg_log_loss,compressed,Compressed Derived,0.1,None,0.9606151537884472,0.9310344827586207,0.9459459459459459,1.0,0.8709677419354839,0.060510082923139946,0.11000845361002334
7,5,neg_log_loss,enhanced,Compressed + Interaction,0.1,None,0.9606151537884471,0.9310344827586207,0.9459459459459459,1.0,0.8709677419354839,0.059835031913345584,0.10476562764953504
8,1,neg_log_loss,orig_quality_hr,Original: Quality + HR,1.0,None,0.9178885630498533,0.8666666666666667,0.8933333333333333,0.896551724137931,0.8387096774193549,0.10192191585252065,0.04532676842957742
8,1,neg_log_loss,orig_sleep_pa,Original: Sleep + PA,0.1,None,0.9138563049853373,0.8387096774193549,0.8666666666666667,0.8387096774193549,0.8387096774193549,0.10611377431506454,0.08584713397037612
8,1,neg_log_loss,orig_sleep_hr,Original: Sleep + HR,0.1,None,0.9131231671554252,0.8387096774193549,0.8666666666666667,0.8387096774193549,0.8387096774193549,0.10345286829484258,0.07094753860833412
8,1,neg_log_loss,orig_quality_pa,Original: Quality + PA,1.0,None,0.9149560117302052,0.8387096774193549,0.8666666666666667,0.8387096774193549,0.8387096774193549,0.1054676180470269,0.07508201362613953
8,1,neg_log_loss,compressed,Compressed Derived,0.1,None,0.9160557184750733,0.8387096774193549,0.8666666666666667,0.8387096774193549,0.8387096774193549,0.10093655824855488,0.024102158605199656
8,1,neg_log_loss,enhanced,Compressed + Interaction,0.1,None,0.9160557184750733,0.8387096774193549,0.8666666666666667,0.8387096774193549,0.8387096774193549,0.10325650732991219,0.02636821508360429
8,2,neg_log_loss,orig_quality_hr,Original: Quality + HR,0.1,None,0.9962490622655664,0.9491525423728814,0.9594594594594594,1.0,0.9032258064516129,0.041355741097142885,0.12229969556020082
8,2,neg_log_loss,orig_sleep_pa,Original: Sleep + PA,0.1,None,0.9977494373593397,0.9491525423728814,0.9594594594594594,1.0,0.9032258064516129,0.050478113743031225,0.13982776846020745
8,2,neg_log_loss,orig_sleep_hr,Original: Sleep + HR,0.1,None,0.9977494373593399,0.9491525423728814,0.9594594594594594,1.0,0.9032258064516129,0.04679368033099194,0.13280062132105094
8,2,neg_log_loss,orig_quality_pa,Original: Quality + PA,0.1,None,0.9977494373593397,0.9491525423728814,0.9594594594594594,1.0,0.9032258064516129,0.04294588539365164,0.13229311206936303
8,2,neg_log_loss,compressed,Compressed Derived,0.1,None,0.9977494373593399,0.9491525423728814,0.9594594594594594,1.0,0.9032258064516129,0.044667890542917,0.12343343779200175
8,2,neg_log_loss,enhanced,Compressed + Interaction,0.1,None,0.9977494373593399,0.9491525423728814,0.9594594594594594,1.0,0.9032258064516129,0.043070268092951704,0.11736133574615443
8,3,neg_log_loss,orig_quality_hr,Original: Quality + HR,0.1,None,0.9283570892723181,0.8923076923076924,0.9054054054054054,0.8529411764705882,0.9354838709677419,0.07644475269138203,0.08598818366096811
8,3,neg_log_loss,orig_sleep_pa,Original: Sleep + PA,0.1,None,0.9347336834208552,0.8923076923076924,0.9054054054054054,0.8529411764705882,0.9354838709677419,0.07987448592526473,0.10321814798631115
8,3,neg_log_loss,orig_sleep_hr,Original: Sleep + HR,0.1,None,0.937734433608402,0.8923076923076924,0.9054054054054054,0.8529411764705882,0.9354838709677419,0.07715514221326507,0.09416129216964728
8,3,neg_log_loss,orig_quality_pa,Original: Quality + PA,0.1,None,0.9291072768192048,0.8923076923076924,0.9054054054054054,0.8529411764705882,0.9354838709677419,0.0787511695055928,0.05848593730271083
8,3,neg_log_loss,compressed,Compressed Derived,0.1,None,0.9377344336084021,0.9206349206349206,0.9324324324324325,0.90625,0.9354838709677419,0.0773526626240628,0.10064451768682134
8,3,neg_log_loss,enhanced,Compressed + Interaction,0.1,None,0.9174793698424606,0.8923076923076924,0.9054054054054054,0.8529411764705882,0.9354838709677419,0.07583485169782897,0.07994231716687979
8,4,neg_log_loss,orig_quality_hr,Original: Quality + HR,10.0,None,0.9292521994134898,0.9230769230769231,0.9333333333333333,0.8823529411764706,0.967741935483871,0.07351054433010978,0.07254979462929376
8,4,neg_log_loss,orig_sleep_pa,Original: Sleep + PA,1.0,None,0.9285190615835778,0.8888888888888888,0.9066666666666666,0.875,0.9032258064516129,0.08733751964728785,0.08949027048208594
8,4,neg_log_loss,orig_sleep_hr,Original: Sleep + HR,1.0,None,0.9314516129032259,0.8888888888888888,0.9066666666666666,0.875,0.9032258064516129,0.08286591302041144,0.07846032472762444
8,4,neg_log_loss,orig_quality_pa,Original: Quality + PA,1.0,None,0.9292521994134897,0.9230769230769231,0.9333333333333333,0.8823529411764706,0.967741935483871,0.07416014080911013,0.07432002115802011
8,4,neg_log_loss,compressed,Compressed Derived,0.1,None,0.9321847507331378,0.8888888888888888,0.9066666666666666,0.875,0.9032258064516129,0.07962350015381364,0.0676505930150277
8,4,neg_log_loss,enhanced,Compressed + Interaction,0.1,None,0.9292521994134898,0.8888888888888888,0.9066666666666666,0.875,0.9032258064516129,0.08183689981845675,0.07238215446827174
8,5,neg_log_loss,orig_quality_hr,Original: Quality + HR,1.0,None,0.9139784946236559,0.8888888888888888,0.9078947368421053,0.875,0.9032258064516129,0.08277376694174754,0.07531964883369463
8,5,neg_log_loss,orig_sleep_pa,Original: Sleep + PA,0.1,None,0.9419354838709678,0.8888888888888888,0.9078947368421053,0.875,0.9032258064516129,0.07679955056922658,0.0752470113283451
8,5,neg_log_loss,orig_sleep_hr,Original: Sleep + HR,0.1,None,0.8903225806451613,0.8888888888888888,0.9078947368421053,0.875,0.9032258064516129,0.09221848865768315,0.051682848069716604
8,5,neg_log_loss,orig_quality_pa,Original: Quality + PA,0.1,None,0.9326164874551971,0.8888888888888888,0.9078947368421053,0.875,0.9032258064516129,0.07556012950689023,0.12114836754285632
8,5,neg_log_loss,compressed,Compressed Derived,0.1,None,0.9025089605734767,0.8888888888888888,0.9078947368421053,0.875,0.9032258064516129,0.08941527468859922,0.08370818970655722
8,5,neg_log_loss,enhanced,Compressed + Interaction,0.1,None,0.9075268817204302,0.8888888888888888,0.9078947368421053,0.875,0.9032258064516129,0.0866919242602956,0.09556127339048634
