repeat,fold,scoring,mode,config,best_c,best_weight,auc,brier,ece,f1_default,f1_tuned,accuracy_default,accuracy_tuned,threshold,calib_intercept_test,calib_slope_test,calib_f1_internal
1,1,roc_auc,raw,roc_auc + raw,0.001,None,0.9648093841642229,0.20043803678291355,0.3145385627185884,0.0,0.8493150684931506,0.5866666666666667,0.8533333333333334,0.4,3.275209213360851,14.01318344737466,0.6976744186046512
1,1,roc_auc,platt,roc_auc + platt,0.001,None,0.9648093841642229,0.07007109779685308,0.04404987087941635,0.90625,0.90625,0.92,0.92,0.5,-0.8820465293701909,0.4908685711134295,0.9354838709677419
1,1,neg_log_loss,raw,neg_log_loss + raw,0.1,None,0.9706744868035191,0.0661883951563875,0.0822831319200304,0.8787878787878788,0.8787878787878788,0.8933333333333333,0.8933333333333333,0.5,-1.2089926418004948,1.708305738020654,0.9354838709677419
1,1,neg_log_loss,platt,neg_log_loss + platt,0.1,None,0.9706744868035191,0.06498063949957092,0.05816662208108023,0.8787878787878788,0.8787878787878788,0.8933333333333333,0.8933333333333333,0.5,-1.1602925487787665,0.7875726460717457,0.9354838709677419
1,2,roc_auc,raw,roc_auc + raw,0.1,balanced,0.9277859237536656,0.07334349084525313,0.06478994004672416,0.9206349206349206,0.625,0.9333333333333333,0.76,0.85,-0.28024458424518134,1.2791452998396726,0.9333333333333333
1,2,roc_auc,platt,roc_auc + platt,0.1,balanced,0.9277859237536656,0.07779539432782479,0.05908631291409329,0.8852459016393442,0.625,0.9066666666666666,0.76,0.8,0.6746547624107713,0.9812289042508648,0.9333333333333333
1,2,neg_log_loss,raw,neg_log_loss + raw,0.1,None,0.9226539589442815,0.07417905503426615,0.04749490795863258,0.9206349206349206,0.625,0.9333333333333333,0.76,0.8,0.09583537451736936,1.2890619705184534,0.9333333333333333
1,2,neg_log_loss,platt,neg_log_loss + platt,0.1,None,0.9226539589442815,0.07743350255784763,0.05771895353499223,0.8852459016393442,0.625,0.9066666666666666,0.76,0.8,0.6704416271870024,0.9856255948863355,0.9333333333333333
1,3,roc_auc,raw,roc_auc + raw,0.001,None,0.8974910394265232,0.2158309912571377,0.3325255764812499,0.0,0.2777777777777778,0.5921052631578947,0.6578947368421053,0.45000000000000007,5.927879065720994,15.308117139414275,0.8421052631578947
1,3,roc_auc,platt,roc_auc + platt,0.001,None,0.8974910394265232,0.1244141546650776,0.13083574480634447,0.8214285714285714,0.8214285714285714,0.868421052631579,0.868421052631579,0.5,1.3526583855677545,1.0832220988882892,0.8852459016393442
1,3,neg_log_loss,raw,neg_log_loss + raw,0.1,None,0.9111111111111111,0.09302095998859783,0.08866229910968419,0.8620689655172413,0.2777777777777778,0.8947368421052632,0.6578947368421053,0.75,1.0294574178811016,1.3387377035552546,0.9
1,3,neg_log_loss,platt,neg_log_loss + platt,0.1,None,0.9111111111111111,0.0931952029459242,0.09023260575452945,0.8620689655172413,0.2777777777777778,0.8947368421052632,0.6578947368421053,0.75,1.0738456810449482,1.2830000370969525,0.9
1,4,roc_auc,raw,roc_auc + raw,10.0,None,0.9253563390847712,0.07012754545506995,0.0698707832457371,0.9152542372881356,0.9152542372881356,0.9324324324324325,0.9324324324324325,0.5,0.014191803318083007,0.7384695904476685,0.9206349206349206
1,4,roc_auc,platt,roc_auc + platt,10.0,None,0.9253563390847712,0.07359117173931196,0.0771379014148079,0.9152542372881356,0.9152542372881356,0.9324324324324325,0.9324324324324325,0.5,0.15787968023508261,0.9012038138431371,0.9206349206349206
1,4,neg_log_loss,raw,neg_log_loss + raw,1.0,None,0.9231057764441111,0.07050690739852349,0.07017076211207988,0.9152542372881356,0.9152542372881356,0.9324324324324325,0.9324324324324325,0.5,0.05366475653670487,0.8242527252544392,0.9206349206349206
1,4,neg_log_loss,platt,neg_log_loss + platt,1.0,None,0.9231057764441111,0.07192159144954613,0.07040452955168382,0.9152542372881356,0.9152542372881356,0.9324324324324325,0.9324324324324325,0.5,0.15995010247319003,0.9059823362208261,0.9206349206349206
1,5,roc_auc,raw,roc_auc + raw,10.0,balanced,0.9339834958739686,0.07843052721556117,0.0812914391051946,0.9206349206349206,0.9032258064516129,0.9324324324324325,0.918918918918919,0.65,-0.7041768246498915,1.2776930015519565,0.9508196721311475
1,5,roc_auc,platt,roc_auc + platt,10.0,balanced,0.9339834958739686,0.08052762120462877,0.07871654755186788,0.9032258064516129,0.9032258064516129,0.918918918918919,0.918918918918919,0.55,-0.04396683089879534,1.6253982312656872,0.9508196721311475
1,5,neg_log_loss,raw,neg_log_loss + raw,1.0,None,0.9339834958739686,0.07314600876429989,0.053538559224725675,0.9206349206349206,0.9206349206349206,0.9324324324324325,0.9324324324324325,0.5,-0.30982984769986277,1.3064935011295913,0.9508196721311475
1,5,neg_log_loss,platt,neg_log_loss + platt,1.0,None,0.9339834958739686,0.074878429486036,0.05715373536301583,0.9206349206349206,0.9206349206349206,0.9324324324324325,0.9324324324324325,0.5,-0.22534000181643551,1.4325791933533798,0.9508196721311475
2,1,roc_auc,raw,roc_auc + raw,0.001,None,0.9501466275659824,0.20314561287024263,0.3370240520190292,0.12121212121212122,0.9180327868852459,0.6133333333333333,0.9333333333333333,0.4,6.608282372683798,19.060513165749065,0.8857142857142857
2,1,roc_auc,platt,roc_auc + platt,0.001,None,0.9501466275659824,0.05639969936528,0.04703759027166539,0.9333333333333333,0.9333333333333333,0.9466666666666667,0.9466666666666667,0.5,1.0047414527384644,1.1483496728911664,0.90625
2,1,neg_log_loss,raw,neg_log_loss + raw,0.1,None,0.970674486803519,0.059091206915810573,0.08716833662174568,0.9180327868852459,0.9333333333333333,0.9333333333333333,0.9466666666666667,0.6,0.5148826668954443,1.5675033495221689,0.90625
2,1,neg_log_loss,platt,neg_log_loss + platt,0.1,None,0.970674486803519,0.05552025318495415,0.05095741157306199,0.9180327868852459,0.9180327868852459,0.9333333333333333,0.9333333333333333,0.5,0.9137897994531498,0.9091776731490171,0.90625
2,2,roc_auc,raw,roc_auc + raw,10.0,balanced,0.9582111436950147,0.06983259603082596,0.07902127173402784,0.8813559322033898,0.9180327868852459,0.9066666666666666,0.9333333333333333,0.15000000000000002,0.6729754491698596,1.163839986449104,0.9523809523809523
2,2,roc_auc,platt,roc_auc + platt,10.0,balanced,0.9582111436950147,0.0695808070883584,0.062008627137709785,0.8813559322033898,0.9180327868852459,0.9066666666666666,0.9333333333333333,0.15000000000000002,0.32628011278609154,1.0191518443644956,0.9523809523809523
2,2,neg_log_loss,raw,neg_log_loss + raw,1.0,None,0.9538123167155425,0.07171448565676786,0.07283449294996329,0.896551724137931,0.9180327868852459,0.92,0.9333333333333333,0.1,1.0335896612479984,1.2273120614052178,0.9523809523809523
2,2,neg_log_loss,platt,neg_log_loss + platt,1.0,None,0.9538123167155425,0.06872418291377783,0.03992552907239917,0.8813559322033898,0.9180327868852459,0.9066666666666666,0.9333333333333333,0.15000000000000002,0.27131052775821723,1.0233542139846215,0.9523809523809523
2,3,roc_auc,raw,roc_auc + raw,0.001,None,0.918979744936234,0.21359015010244978,0.3496119258878646,0.0,0.8888888888888888,0.581081081081081,0.9054054054054054,0.4,3.869519516062005,12.157950324565043,0.90625
2,3,roc_auc,platt,roc_auc + platt,0.001,None,0.918979744936234,0.09397650282472601,0.1490957144488062,0.9032258064516129,0.8888888888888888,0.918918918918919,0.9054054054054054,0.30000000000000004,-0.09010127494698655,0.8986290845023683,0.90625
2,3,neg_log_loss,raw,neg_log_loss + raw,0.1,None,0.932483120780195,0.08877894440809617,0.13911126365573057,0.9032258064516129,0.9032258064516129,0.918918918918919,0.918918918918919,0.45000000000000007,0.19014510767754272,1.1449088078864051,0.90625
2,3,neg_log_loss,platt,neg_log_loss + platt,0.1,None,0.932483120780195,0.08432364284145195,0.12721064810839122,0.9032258064516129,0.9032258064516129,0.918918918918919,0.918918918918919,0.45000000000000007,0.0891036257972958,0.9519333448386619,0.90625
2,4,roc_auc,raw,roc_auc + raw,10.0,None,0.9572393098274569,0.06332464097858519,0.07647629925638656,0.9253731343283582,0.9253731343283582,0.9324324324324325,0.9324324324324325,0.5,-1.1209976871901184,1.2028915966873137,0.9523809523809523
2,4,roc_auc,platt,roc_auc + platt,10.0,None,0.9572393098274569,0.05665171089746855,0.04344972370071861,0.9253731343283582,0.9253731343283582,0.9324324324324325,0.9324324324324325,0.5,-0.6347651080348702,0.8790106412847516,0.9523809523809523
2,4,neg_log_loss,raw,neg_log_loss + raw,1.0,None,0.9602400600150037,0.06502490338701832,0.07997671079456263,0.9253731343283582,0.9253731343283582,0.9324324324324325,0.9324324324324325,0.5,-1.114178601739021,1.252252327874433,0.9523809523809523
2,4,neg_log_loss,platt,neg_log_loss + platt,1.0,None,0.9602400600150037,0.05981090221288354,0.04164749553669433,0.9253731343283582,0.9253731343283582,0.9324324324324325,0.9324324324324325,0.5,-0.6659309720234883,0.8810332268450622,0.9523809523809523
2,5,roc_auc,raw,roc_auc + raw,10.0,None,0.8982078853046594,0.09199456805513644,0.09930298099005014,0.8484848484848485,0.8484848484848485,0.868421052631579,0.868421052631579,0.35,-0.08729297897131189,0.7847143516785593,0.9152542372881356
2,5,roc_auc,platt,roc_auc + platt,10.0,None,0.8982078853046594,0.13124430132357282,0.17627314984041287,0.8484848484848485,0.8484848484848485,0.868421052631579,0.868421052631579,0.5,-1.1450441615456262,0.7825067767435795,0.9152542372881356
2,5,neg_log_loss,raw,neg_log_loss + raw,1.0,None,0.8967741935483872,0.09470085189435944,0.10189512439003509,0.8484848484848485,0.8484848484848485,0.868421052631579,0.868421052631579,0.30000000000000004,-0.09900765924253008,0.8479702106509841,0.9152542372881356
2,5,neg_log_loss,platt,neg_log_loss + platt,1.0,None,0.8967741935483872,0.1280941941680256,0.1652919323660146,0.8484848484848485,0.8484848484848485,0.868421052631579,0.868421052631579,0.5,-1.1328974174901028,0.766286765830271,0.9152542372881356
3,1,roc_auc,raw,roc_auc + raw,0.001,None,0.9816715542521994,0.20123547079892776,0.3606646807577449,0.0,0.8493150684931506,0.5866666666666667,0.8533333333333334,0.4,5.039215280512357,21.60075006311223,0.6987951807228916
3,1,roc_auc,platt,roc_auc + platt,0.001,None,0.9816715542521994,0.052621968307373895,0.07312143878341563,0.9393939393939394,0.9393939393939394,0.9466666666666667,0.9466666666666667,0.5,-1.586658253494763,1.2165326816198887,0.9333333333333333
3,1,neg_log_loss,raw,neg_log_loss + raw,0.1,None,0.9875366568914956,0.054913801032617435,0.10212902620270377,0.9117647058823529,0.9393939393939394,0.92,0.9466666666666667,0.6,-5.398854119280886,4.123895452837878,0.9333333333333333
3,1,neg_log_loss,platt,neg_log_loss + platt,0.1,None,0.9875366568914956,0.055563487228593944,0.07669523137685554,0.9117647058823529,0.9393939393939394,0.92,0.9466666666666667,0.65,-5.657150709907693,2.811452687458644,0.9333333333333333
3,2,roc_auc,raw,roc_auc + raw,0.01,None,0.9504876219054764,0.13067420829580936,0.22099776967089452,0.9206349206349206,0.47619047619047616,0.9324324324324325,0.7027027027027027,0.6,0.8857912411481808,4.4812580285810775,0.9032258064516129
3,2,roc_auc,platt,roc_auc + platt,0.01,None,0.9504876219054764,0.10848347179951773,0.13602795251049696,0.6122448979591837,0.47619047619047616,0.7432432432432432,0.7027027027027027,0.6,1.7172339432575656,1.5149553221782879,0.9032258064516129
3,2,neg_log_loss,raw,neg_log_loss + raw,0.1,None,0.9519879969992497,0.06896340738470527,0.09327847912425845,0.9206349206349206,0.47619047619047616,0.9324324324324325,0.7027027027027027,0.8,-0.1846808321848687,2.1031360735830376,0.9032258064516129
3,2,neg_log_loss,platt,neg_log_loss + platt,0.1,None,0.9519879969992497,0.0900719002681449,0.12042443193190451,0.9032258064516129,0.47619047619047616,0.918918918918919,0.7027027027027027,0.65,1.506073829464508,1.5019311981536965,0.9032258064516129
3,3,roc_auc,raw,roc_auc + raw,0.01,balanced,0.9696174043510878,0.10849280159148379,0.21802946462573472,0.9310344827586207,0.9310344827586207,0.9459459459459459,0.9459459459459459,0.5,2.1817457443384582,5.297377220743623,0.8852459016393442
3,3,roc_auc,platt,roc_auc + platt,0.01,balanced,0.9696174043510878,0.05762514927438284,0.08306755386382803,0.9310344827586207,0.9310344827586207,0.9459459459459459,0.9459459459459459,0.5,2.2427393666194755,2.2349750195529685,0.8852459016393442
3,3,neg_log_loss,raw,neg_log_loss + raw,0.1,None,0.9613653413353339,0.05830083676625838,0.11939466392336731,0.9310344827586207,0.9310344827586207,0.9459459459459459,0.9459459459459459,0.5,2.7266146375394595,2.455016270595494,0.8852459016393442
3,3,neg_log_loss,platt,neg_log_loss + platt,0.1,None,0.9613653413353339,0.0477714022203481,0.09616396369154331,0.9310344827586207,0.9310344827586207,0.9459459459459459,0.9459459459459459,0.5,2.0922899371679726,2.244777652627134,0.8852459016393442
3,4,roc_auc,raw,roc_auc + raw,10.0,balanced,0.9211876832844574,0.07438278150869386,0.06192295430141695,0.8709677419354839,0.9152542372881356,0.8933333333333333,0.9333333333333333,0.7000000000000001,-0.2385431501315899,1.0713873570532537,0.96875
3,4,roc_auc,platt,roc_auc + platt,10.0,balanced,0.9211876832844574,0.07139240974200459,0.060695954446862654,0.9152542372881356,0.9152542372881356,0.9333333333333333,0.9333333333333333,0.5,0.8395920637840626,0.8807065161791559,0.96875
3,4,neg_log_loss,raw,neg_log_loss + raw,1.0,None,0.9145894428152492,0.07452152054218072,0.060811083334798774,0.8852459016393442,0.9152542372881356,0.9066666666666666,0.9333333333333333,0.6,0.08378130819370433,1.1122558699934364,0.96875
3,4,neg_log_loss,platt,neg_log_loss + platt,1.0,None,0.9145894428152492,0.07236745471650503,0.057611236106181546,0.9152542372881356,0.9152542372881356,0.9333333333333333,0.9333333333333333,0.5,0.7840725583877449,0.8440805039156916,0.96875
3,5,roc_auc,raw,roc_auc + raw,1000.0,None,0.8587813620071685,0.13198673378798814,0.10036372090416784,0.819672131147541,0.819672131147541,0.8552631578947368,0.8552631578947368,0.5,-0.4860598795009285,0.39927956518335156,0.96875
3,5,roc_auc,platt,roc_auc + platt,1000.0,None,0.8587813620071685,0.13423416614575165,0.11594628335497963,0.819672131147541,0.819672131147541,0.8552631578947368,0.8552631578947368,0.5,-0.3511904497366637,0.35312064254590736,0.96875
3,5,neg_log_loss,raw,neg_log_loss + raw,1.0,None,0.8437275985663082,0.13201759601867433,0.07609941072526616,0.819672131147541,0.819672131147541,0.8552631578947368,0.8552631578947368,0.5,-0.42191214961183626,0.49037996253432126,0.96875
3,5,neg_log_loss,platt,neg_log_loss + platt,1.0,None,0.8437275985663082,0.1366732005198474,0.11253184235156488,0.819672131147541,0.819672131147541,0.8552631578947368,0.8552631578947368,0.5,-0.19675168111980618,0.3790671093211603,0.96875
4,1,roc_auc,raw,roc_auc + raw,0.001,None,0.9494134897360703,0.20502346948289585,0.3303918810279626,0.0,0.8923076923076924,0.5866666666666667,0.9066666666666666,0.4,3.6144272555635726,13.051458856608338,0.9523809523809523
4,1,roc_auc,platt,roc_auc + platt,0.001,None,0.9494134897360703,0.08085833504288321,0.08259837186002449,0.90625,0.90625,0.92,0.92,0.5,-0.6924517190052765,0.4570961005242997,0.967741935483871
4,1,neg_log_loss,raw,neg_log_loss + raw,0.1,None,0.9574780058651026,0.07862475525580788,0.04171779948643893,0.8923076923076924,0.8524590163934426,0.9066666666666666,0.88,0.7000000000000001,-0.36243190958000887,1.1696266962319086,0.9836065573770492
4,1,neg_log_loss,platt,neg_log_loss + platt,0.1,None,0.9574780058651026,0.08420178290674091,0.05309268925651414,0.8923076923076924,0.8524590163934426,0.9066666666666666,0.88,0.9,-0.610734122870511,0.5227316236164621,0.9836065573770492
4,2,roc_auc,raw,roc_auc + raw,0.01,None,0.9598649662415605,0.1305736821403373,0.2356053056269834,0.9152542372881356,0.9090909090909091,0.9324324324324325,0.918918918918919,0.35,1.1726240942280617,4.6632280247630895,0.9032258064516129
4,2,roc_auc,platt,roc_auc + platt,0.01,None,0.9598649662415605,0.059598617078671715,0.10201791629205774,0.9090909090909091,0.9090909090909091,0.918918918918919,0.918918918918919,0.35,-0.6510485941755345,1.4242190261744567,0.9032258064516129
4,2,neg_log_loss,raw,neg_log_loss + raw,0.1,None,0.9598649662415604,0.0682778299913023,0.12838934772605018,0.9090909090909091,0.9090909090909091,0.918918918918919,0.918918918918919,0.35,-0.017407792504630315,2.105749409792496,0.9180327868852459
4,2,neg_log_loss,platt,neg_log_loss + platt,0.1,None,0.9598649662415604,0.05992020311090192,0.10191230069248637,0.9090909090909091,0.9090909090909091,0.918918918918919,0.918918918918919,0.45000000000000007,-1.0287816416524898,1.42001976752355,0.9180327868852459
4,3,roc_auc,raw,roc_auc + raw,0.001,None,0.9490469208211143,0.2163077537286185,0.3517874128505375,0.0,0.3684210526315789,0.5866666666666667,0.68,0.45000000000000007,8.19355261203017,22.32783587707622,0.9206349206349206
4,3,roc_auc,platt,roc_auc + platt,0.001,None,0.9490469208211143,0.12883754466965383,0.1922790236365175,0.47619047619047616,0.8813559322033898,0.7066666666666667,0.9066666666666666,0.45000000000000007,2.4023111923869007,1.6002325228451366,0.9375
4,3,neg_log_loss,raw,neg_log_loss + raw,0.1,None,0.9585777126099707,0.07244331589181681,0.12006554388653387,0.8813559322033898,0.8813559322033898,0.9066666666666666,0.9066666666666666,0.6,0.9750991882890953,1.6447032067234932,0.9375
4,3,neg_log_loss,platt,neg_log_loss + platt,0.1,None,0.9585777126099707,0.0886829368956426,0.12981660568704795,0.8813559322033898,0.8813559322033898,0.9066666666666666,0.9066666666666666,0.5,1.955207376666005,1.0546138355073462,0.9375
4,4,roc_auc,raw,roc_auc + raw,1000.0,None,0.923105776444111,0.06521415602452,0.07746216977098791,0.9152542372881356,0.9152542372881356,0.9324324324324325,0.9324324324324325,0.30000000000000004,0.2707736416680369,0.9661166016741141,0.8787878787878788
4,4,roc_auc,platt,roc_auc + platt,1000.0,None,0.923105776444111,0.06726463349049899,0.08060350362426334,0.9152542372881356,0.9152542372881356,0.9324324324324325,0.9324324324324325,0.30000000000000004,0.30207790105045546,1.2117513365553065,0.8787878787878788
4,4,neg_log_loss,raw,neg_log_loss + raw,1.0,None,0.923105776444111,0.06514536830459361,0.0777590504098596,0.9152542372881356,0.9152542372881356,0.9324324324324325,0.9324324324324325,0.30000000000000004,0.3020725540282563,1.0130068714400844,0.8787878787878788
4,4,neg_log_loss,platt,neg_log_loss + platt,1.0,None,0.923105776444111,0.06697716155425344,0.07983118948980396,0.9152542372881356,0.9152542372881356,0.9324324324324325,0.9324324324324325,0.30000000000000004,0.33789502990821496,1.2213684324844043,0.8787878787878788
4,5,roc_auc,raw,roc_auc + raw,0.1,None,0.9096774193548388,0.10302070999191236,0.10176945834470882,0.8571428571428571,0.8571428571428571,0.881578947368421,0.881578947368421,0.7000000000000001,-0.04615998919168708,1.0550191612854487,0.9491525423728814
4,5,roc_auc,platt,roc_auc + platt,0.1,None,0.9096774193548388,0.10834084024567987,0.06976116489966286,0.8571428571428571,0.8571428571428571,0.881578947368421,0.881578947368421,0.8,0.02647976955884805,0.5921794396256412,0.9491525423728814
4,5,neg_log_loss,raw,neg_log_loss + raw,0.1,None,0.9096774193548388,0.10302070999191236,0.10176945834470882,0.8571428571428571,0.8571428571428571,0.881578947368421,0.881578947368421,0.7000000000000001,-0.04615998919168708,1.0550191612854487,0.9491525423728814
4,5,neg_log_loss,platt,neg_log_loss + platt,0.1,None,0.9096774193548388,0.10834084024567987,0.06976116489966286,0.8571428571428571,0.8571428571428571,0.881578947368421,0.881578947368421,0.8,0.02647976955884805,0.5921794396256412,0.9491525423728814
5,1,roc_auc,raw,roc_auc + raw,0.001,None,0.9813049853372434,0.2038314934404051,0.3366034634933231,0.0,0.9523809523809523,0.5866666666666667,0.96,0.4,6.144108945941502,19.60113247771075,0.9375
5,1,roc_auc,platt,roc_auc + platt,0.001,None,0.9813049853372434,0.03871765516129128,0.029156194624875353,0.9523809523809523,0.9523809523809523,0.96,0.96,0.5,-0.2676442161318708,0.7025269861128829,0.9523809523809523
5,1,neg_log_loss,raw,neg_log_loss + raw,0.1,None,0.9835043988269795,0.044496474431461056,0.09158036447483003,0.9523809523809523,0.9523809523809523,0.96,0.96,0.5,0.09695148590004443,1.8455847171039488,0.9523809523809523
5,1,neg_log_loss,platt,neg_log_loss + platt,0.1,None,0.9835043988269795,0.036377724638570176,0.027254017315199434,0.9523809523809523,0.9523809523809523,0.96,0.96,0.5,-0.24846664723631606,0.9390235630035987,0.9523809523809523
5,2,roc_auc,raw,roc_auc + raw,1.0,None,0.9318181818181819,0.0711278864076847,0.058486201133479965,0.9206349206349206,0.8852459016393442,0.9333333333333333,0.9066666666666666,0.6,0.31760078095123684,1.1804772166431161,0.875
5,2,roc_auc,platt,roc_auc + platt,1.0,None,0.9318181818181819,0.08908346385418245,0.11441155560463329,0.847457627118644,0.847457627118644,0.88,0.88,0.5,0.9730261979648234,1.6162200417488246,0.875
5,2,neg_log_loss,raw,neg_log_loss + raw,1.0,None,0.9318181818181819,0.0711278864076847,0.058486201133479965,0.9206349206349206,0.8852459016393442,0.9333333333333333,0.9066666666666666,0.6,0.31760078095123684,1.1804772166431161,0.875
5,2,neg_log_loss,platt,neg_log_loss + platt,1.0,None,0.9318181818181819,0.08908346385418245,0.11441155560463329,0.847457627118644,0.847457627118644,0.88,0.88,0.5,0.9730261979648234,1.6162200417488246,0.875
5,3,roc_auc,raw,roc_auc + raw,0.01,None,0.9009752438109527,0.1292270701824548,0.17841107821492094,0.8955223880597015,0.8695652173913043,0.9054054054054054,0.8783783783783784,0.4,-0.20122179629762832,2.4882257330495365,0.967741935483871
5,3,roc_auc,platt,roc_auc + platt,0.01,None,0.9009752438109527,0.11040198490509553,0.11932666493292957,0.8695652173913043,0.8695652173913043,0.8783783783783784,0.8783783783783784,0.5,-1.1646469562485255,0.5996795337331879,0.967741935483871
5,3,neg_log_loss,raw,neg_log_loss + raw,1.0,None,0.9032258064516129,0.09940001291717823,0.1025186056803299,0.8695652173913043,0.8695652173913043,0.8783783783783784,0.8783783783783784,0.5,-0.7853477909702774,0.8896331024538087,0.967741935483871
5,3,neg_log_loss,platt,neg_log_loss + platt,1.0,None,0.9032258064516129,0.1048650699985179,0.10540316615576673,0.8695652173913043,0.8695652173913043,0.8783783783783784,0.8783783783783784,0.5,-0.9718663797307547,0.5819738853455418,0.967741935483871
5,4,roc_auc,raw,roc_auc + raw,0.1,balanced,0.918979744936234,0.08216308502147505,0.10355030865671108,0.875,0.875,0.8918918918918919,0.8918918918918919,0.4,-0.4977430046048447,1.373773780140512,0.9230769230769231
5,4,roc_auc,platt,roc_auc + platt,0.1,balanced,0.918979744936234,0.07170985721414448,0.06713324920752399,0.8888888888888888,0.875,0.9054054054054054,0.8918918918918919,0.25,0.1338289852568386,1.0056866786702487,0.9230769230769231
5,4,neg_log_loss,raw,neg_log_loss + raw,0.1,None,0.918979744936234,0.07766771824289047,0.09843487583445343,0.8888888888888888,0.875,0.9054054054054054,0.8918918918918919,0.35,-0.07577910399304119,1.3882181148185986,0.9230769230769231
5,4,neg_log_loss,platt,neg_log_loss + platt,0.1,None,0.918979744936234,0.07212008102455439,0.06750503895388445,0.8888888888888888,0.875,0.9054054054054054,0.8918918918918919,0.25,0.10818937743401191,1.0017848836037189,0.9230769230769231
5,5,roc_auc,raw,roc_auc + raw,100.0,None,0.9046594982078854,0.07628790156433571,0.10415249600613219,0.896551724137931,0.896551724137931,0.9210526315789473,0.9210526315789473,0.5,-0.10616586489371281,0.6940677815747742,0.9354838709677419
5,5,roc_auc,platt,roc_auc + platt,100.0,None,0.9046594982078854,0.07977211644514308,0.1140608352146984,0.896551724137931,0.896551724137931,0.9210526315789473,0.9210526315789473,0.5,0.07926841132244641,0.8731712557879385,0.9354838709677419
5,5,neg_log_loss,raw,neg_log_loss + raw,1.0,None,0.9039426523297492,0.07870262243219224,0.10814744624204539,0.896551724137931,0.896551724137931,0.9210526315789473,0.9210526315789473,0.5,0.07308574796516787,0.8032911753292702,0.9354838709677419
5,5,neg_log_loss,platt,neg_log_loss + platt,1.0,None,0.9039426523297492,0.08067714599824838,0.11244890705900072,0.896551724137931,0.896551724137931,0.9210526315789473,0.9210526315789473,0.5,0.23301536579717377,0.8754169588272367,0.9354838709677419
6,1,roc_auc,raw,roc_auc + raw,100.0,balanced,0.9494134897360703,0.07175939895413423,0.07960254816852558,0.9230769230769231,0.9230769230769231,0.9333333333333333,0.9333333333333333,0.5,-1.355258369070214,0.8527599962931327,0.8955223880597015
6,1,roc_auc,platt,roc_auc + platt,100.0,balanced,0.9494134897360703,0.06699043674326652,0.04281071687552865,0.9230769230769231,0.9230769230769231,0.9333333333333333,0.9333333333333333,0.5,-0.4743032123307993,0.9849500018556285,0.8955223880597015
6,1,neg_log_loss,raw,neg_log_loss + raw,0.1,None,0.9545454545454546,0.0706636059902958,0.04838005413370533,0.8888888888888888,0.8888888888888888,0.9066666666666666,0.9066666666666666,0.5,-0.6315154989310688,1.1421511401541848,0.8955223880597015
6,1,neg_log_loss,platt,neg_log_loss + platt,0.1,None,0.9545454545454546,0.07246749460323508,0.054948582070292955,0.8888888888888888,0.8888888888888888,0.9066666666666666,0.9066666666666666,0.7000000000000001,-0.1479199517698878,0.8620452133336844,0.9090909090909091
6,2,roc_auc,raw,roc_auc + raw,100.0,None,0.939516129032258,0.06456440343268287,0.06971542696815741,0.9230769230769231,0.9230769230769231,0.9333333333333333,0.9333333333333333,0.5,-0.746276382807131,1.1100189485149041,0.9206349206349206
6,2,roc_auc,platt,roc_auc + platt,100.0,None,0.939516129032258,0.06747212033100072,0.09190198340750795,0.9230769230769231,0.9230769230769231,0.9333333333333333,0.9333333333333333,0.5,-0.13716810556712766,1.4669203912027262,0.9206349206349206
6,2,neg_log_loss,raw,neg_log_loss + raw,0.1,None,0.9307184750733137,0.07976735941471508,0.09407026835640542,0.8955223880597015,0.8955223880597015,0.9066666666666666,0.9066666666666666,0.5,-0.6279183721413739,1.5590220952572849,0.9206349206349206
6,2,neg_log_loss,platt,neg_log_loss + platt,0.1,None,0.9307184750733137,0.07420104204816654,0.08438079625622946,0.9230769230769231,0.9230769230769231,0.9333333333333333,0.9333333333333333,0.5,-0.06256806194255785,1.3773797319205825,0.9206349206349206
6,3,roc_auc,raw,roc_auc + raw,1.0,None,0.9538634658664666,0.07806400374960402,0.09677960909734998,0.8771929824561403,0.8771929824561403,0.9054054054054054,0.9054054054054054,0.5,1.228723118877631,1.3614074910337102,0.9393939393939394
6,3,roc_auc,platt,roc_auc + platt,1.0,None,0.9538634658664666,0.11359773671186155,0.16365069722044492,0.8727272727272727,0.8771929824561403,0.9054054054054054,0.9054054054054054,0.25,2.5976339204874854,1.212514674597167,0.9393939393939394
6,3,neg_log_loss,raw,neg_log_loss + raw,1.0,balanced,0.9538634658664666,0.07494701921690376,0.08723863311891429,0.8620689655172413,0.8771929824561403,0.8918918918918919,0.9054054054054054,0.6,0.7618161833475001,1.369305554371584,0.9393939393939394
6,3,neg_log_loss,platt,neg_log_loss + platt,1.0,balanced,0.9538634658664666,0.11846675841446135,0.16825917171671703,0.8571428571428571,0.8771929824561403,0.8918918918918919,0.9054054054054054,0.25,2.603759747405129,1.2286353857424954,0.9393939393939394
6,4,roc_auc,raw,roc_auc + raw,0.01,None,0.9118279569892473,0.12206071180911747,0.19220857084789597,0.896551724137931,0.896551724137931,0.9210526315789473,0.9210526315789473,0.5,0.6235945052327176,2.619073150484989,0.9508196721311475
6,4,roc_auc,platt,roc_auc + platt,0.01,None,0.9118279569892473,0.07800091714346559,0.0726149175768839,0.8666666666666667,0.8666666666666667,0.8947368421052632,0.8947368421052632,0.5,-0.11906919804181494,0.8035836866618997,0.9508196721311475
6,4,neg_log_loss,raw,neg_log_loss + raw,1.0,None,0.9168458781362009,0.07676304152747958,0.10535107733034968,0.896551724137931,0.896551724137931,0.9210526315789473,0.9210526315789473,0.5,0.06063737973290581,0.826830481170541,0.9508196721311475
6,4,neg_log_loss,platt,neg_log_loss + platt,1.0,None,0.9168458781362009,0.07205365015887248,0.09645222623413843,0.9032258064516129,0.9032258064516129,0.9210526315789473,0.9210526315789473,0.5,-0.26895245968949694,0.6815313653146601,0.9508196721311475
6,5,roc_auc,raw,roc_auc + raw,1.0,None,0.9392348087021755,0.07361794973844127,0.07789195091814836,0.9032258064516129,0.9032258064516129,0.918918918918919,0.918918918918919,0.6,0.18814669744505372,0.9555948325564189,0.9152542372881356
6,5,roc_auc,platt,roc_auc + platt,1.0,None,0.9392348087021755,0.075047981022214,0.07656786794332548,0.9032258064516129,0.9032258064516129,0.918918918918919,0.918918918918919,0.65,-0.011205937231777784,1.1618951737909073,0.9152542372881356
6,5,neg_log_loss,raw,neg_log_loss + raw,1.0,None,0.9392348087021755,0.07361794973844127,0.07789195091814836,0.9032258064516129,0.9032258064516129,0.918918918918919,0.918918918918919,0.6,0.18814669744505372,0.9555948325564189,0.9152542372881356
6,5,neg_log_loss,platt,neg_log_loss + platt,1.0,None,0.9392348087021755,0.075047981022214,0.07656786794332548,0.9032258064516129,0.9032258064516129,0.918918918918919,0.918918918918919,0.65,-0.011205937231777784,1.1618951737909073,0.9152542372881356
7,1,roc_auc,raw,roc_auc + raw,1.0,None,0.9717741935483871,0.0570648037877599,0.0764270164408577,0.8955223880597015,0.9523809523809523,0.9066666666666666,0.96,0.7000000000000001,-0.728730995932032,1.1696292492475588,0.9
7,1,roc_auc,platt,roc_auc + platt,1.0,None,0.9717741935483871,0.06312457951117476,0.08241016571341274,0.8955223880597015,0.9523809523809523,0.9066666666666666,0.96,0.75,-1.1324595314283035,1.1369967535963066,0.9
7,1,neg_log_loss,raw,neg_log_loss + raw,0.1,None,0.9754398826979471,0.05860806898969158,0.08866451968290524,0.8955223880597015,0.9523809523809523,0.9066666666666666,0.96,0.6,-0.8276765490796624,1.5951817574097011,0.9
7,1,neg_log_loss,platt,neg_log_loss + platt,0.1,None,0.9754398826979471,0.06185132719425745,0.08188657512377799,0.8955223880597015,0.9523809523809523,0.9066666666666666,0.96,0.7000000000000001,-1.2373744890432552,1.2019467992583874,0.9
7,2,roc_auc,raw,roc_auc + raw,10.0,balanced,0.9475806451612903,0.06310706798850609,0.05015749492525124,0.9333333333333333,0.6086956521739131,0.9466666666666667,0.76,0.9,0.2031550018905412,1.2674244941621307,0.9206349206349206
7,2,roc_auc,platt,roc_auc + platt,10.0,balanced,0.9475806451612903,0.09285195763773144,0.11709083137792443,0.8771929824561403,0.6086956521739131,0.9066666666666666,0.76,0.65,1.9723546494415383,1.221502002861534,0.9206349206349206
7,2,neg_log_loss,raw,neg_log_loss + raw,1.0,None,0.9483137829912023,0.06527522673003755,0.04535031351658727,0.896551724137931,0.896551724137931,0.92,0.92,0.5,0.5637619156373195,1.2859038796174884,0.9253731343283582
7,2,neg_log_loss,platt,neg_log_loss + platt,1.0,None,0.9483137829912023,0.09018034892215958,0.11583467834530688,0.8771929824561403,0.896551724137931,0.9066666666666666,0.92,0.30000000000000004,1.8609478109818123,1.129361533863976,0.9253731343283582
7,3,roc_auc,raw,roc_auc + raw,0.1,None,0.8612903225806452,0.12165510256730408,0.07383975584805201,0.8333333333333334,0.8333333333333334,0.868421052631579,0.868421052631579,0.35,0.38179225428144326,0.9605807435818116,0.9206349206349206
7,3,roc_auc,platt,roc_auc + platt,0.1,None,0.8612903225806452,0.12187349479452265,0.0787665361877148,0.8333333333333334,0.8333333333333334,0.868421052631579,0.868421052631579,0.35,0.3441339863889628,1.0529045635177214,0.9206349206349206
7,3,neg_log_loss,raw,neg_log_loss + raw,1.0,None,0.867741935483871,0.114712812242094,0.07883965967214233,0.8333333333333334,0.8333333333333334,0.868421052631579,0.868421052631579,0.45000000000000007,0.2715501744474482,0.6877190002644926,0.9206349206349206
7,3,neg_log_loss,platt,neg_log_loss + platt,1.0,None,0.867741935483871,0.11667803280040279,0.07622530417225672,0.8333333333333334,0.8333333333333334,0.868421052631579,0.868421052631579,0.45000000000000007,0.27926415477393596,1.1142693793270153,0.9206349206349206
7,4,roc_auc,raw,roc_auc + raw,1.0,None,0.9613653413353339,0.07146397205585663,0.08163479013334576,0.9117647058823529,0.9117647058823529,0.918918918918919,0.918918918918919,0.5,-1.3131340129300304,1.092218697897854,0.967741935483871
7,4,roc_auc,platt,roc_auc + platt,1.0,None,0.9613653413353339,0.07056453820022175,0.07107408862082842,0.9117647058823529,0.9117647058823529,0.918918918918919,0.918918918918919,0.5,-1.1861819329933256,0.9448123594827357,0.967741935483871
7,4,neg_log_loss,raw,neg_log_loss + raw,0.1,None,0.9613653413353338,0.07534028341379904,0.07963639793654509,0.8787878787878788,0.9117647058823529,0.8918918918918919,0.918918918918919,0.4,-1.1524431241779904,1.3617833105277863,0.967741935483871
7,4,neg_log_loss,platt,neg_log_loss + platt,0.1,None,0.9613653413353338,0.07679531908183897,0.07577724841597946,0.8787878787878788,0.9117647058823529,0.8918918918918919,0.918918918918919,0.4,-1.2793966545420812,0.9113275825512077,0.967741935483871
7,5,roc_auc,raw,roc_auc + raw,100.0,balanced,0.9636159039759941,0.04653684915712041,0.08271675350230584,0.9666666666666667,0.9666666666666667,0.972972972972973,0.972972972972973,0.5,0.9242805612588494,1.2475189675968466,0.9
7,5,roc_auc,platt,roc_auc + platt,100.0,balanced,0.9636159039759941,0.06429267521846703,0.15340460896287111,0.9666666666666667,0.9666666666666667,0.972972972972973,0.972972972972973,0.5,0.39513394626792364,2.016418490660037,0.9
7,5,neg_log_loss,raw,neg_log_loss + raw,1.0,None,0.9673668417104276,0.051916641266931886,0.11077432435891427,0.9310344827586207,0.9310344827586207,0.9459459459459459,0.9459459459459459,0.5,1.5295752481117084,1.4652164074434657,0.9
7,5,neg_log_loss,platt,neg_log_loss + platt,1.0,None,0.9673668417104276,0.05443718346758223,0.12387574373849385,0.9666666666666667,0.9310344827586207,0.972972972972973,0.9459459459459459,0.6,0.6846653624227294,1.9565223542212997,0.9
8,1,roc_auc,raw,roc_auc + raw,0.01,None,0.9230205278592375,0.11587895364303319,0.14914024959014416,0.8666666666666667,0.8387096774193549,0.8933333333333333,0.8666666666666667,0.35,0.17912618494196464,1.9979837549021742,0.8888888888888888
8,1,roc_auc,platt,roc_auc + platt,0.01,None,0.9230205278592375,0.1037321102814522,0.03704285461613713,0.8387096774193549,0.8387096774193549,0.8666666666666667,0.8666666666666667,0.4,-0.48131651164822564,0.7035636632546045,0.9032258064516129
8,1,neg_log_loss,raw,neg_log_loss + raw,0.1,None,0.9090909090909092,0.10117971440959261,0.08393895966057573,0.8387096774193549,0.8387096774193549,0.8666666666666667,0.8666666666666667,0.4,0.006777156204544207,0.8804394213410938,0.9032258064516129
8,1,neg_log_loss,platt,neg_log_loss + platt,0.1,None,0.9090909090909092,0.10743626798691165,0.09412426760956527,0.8387096774193549,0.8387096774193549,0.8666666666666667,0.8666666666666667,0.5,-0.2962045120500256,0.7014871249076011,0.9032258064516129
8,2,roc_auc,raw,roc_auc + raw,0.01,None,0.9909977494373593,0.10431966511795818,0.2511240620074787,0.9491525423728814,0.9491525423728814,0.9594594594594594,0.9594594594594594,0.5,6.503144259304241,9.309309508743683,0.9253731343283582
8,2,roc_auc,platt,roc_auc + platt,0.01,None,0.9909977494373593,0.06962791655963624,0.13070424607502412,0.9491525423728814,0.9491525423728814,0.9594594594594594,0.9594594594594594,0.4,7.8887965754025196,2.289095693054063,0.9253731343283582
8,2,neg_log_loss,raw,neg_log_loss + raw,0.1,None,0.9977494373593399,0.04061077921004603,0.13517011269615098,0.9491525423728814,0.9491525423728814,0.9594594594594594,0.9594594594594594,0.6,1176.9850677195654,715.8472156149127,0.9253731343283582
8,2,neg_log_loss,platt,neg_log_loss + platt,0.1,None,0.9977494373593399,0.05695590316527215,0.12224549729763778,0.9491525423728814,0.9491525423728814,0.9594594594594594,0.9594594594594594,0.4,1688.839135373963,393.9993153950634,0.9253731343283582
8,3,roc_auc,raw,roc_auc + raw,0.001,None,0.9343585896474119,0.21532276699660405,0.37023412705840886,0.0,0.358974358974359,0.581081081081081,0.6621621621621622,0.45000000000000007,5.606885294315051,17.279215907417843,0.9
8,3,roc_auc,platt,roc_auc + platt,0.001,None,0.9343585896474119,0.10468775655277716,0.13426854522526693,0.9206349206349206,0.47619047619047616,0.9324324324324325,0.7027027027027027,0.65,1.0220393820883371,1.5036077516869175,0.9
8,3,neg_log_loss,raw,neg_log_loss + raw,1.0,None,0.9298574643660915,0.07336390799679156,0.02298629568038524,0.9206349206349206,0.8852459016393442,0.9324324324324325,0.9054054054054054,0.85,-0.025509060946597384,1.0142994564398946,0.9180327868852459
8,3,neg_log_loss,platt,neg_log_loss + platt,1.0,None,0.9298574643660915,0.08234404238884921,0.07182111085859884,0.8852459016393442,0.8852459016393442,0.9054054054054054,0.9054054054054054,0.7000000000000001,0.5333379875252398,1.383114466589114,0.9180327868852459
8,4,roc_auc,raw,roc_auc + raw,0.001,balanced,0.9277859237536656,0.2132449550263272,0.30953579450711943,0.8888888888888888,0.8888888888888888,0.9066666666666666,0.9066666666666666,0.5,-0.8903357686730256,12.311929388166234,0.9230769230769231
8,4,roc_auc,platt,roc_auc + platt,0.001,balanced,0.9277859237536656,0.0830084042455318,0.08281443273836224,0.8888888888888888,0.8888888888888888,0.9066666666666666,0.9066666666666666,0.5,0.0021507678373573758,0.7364981636632142,0.9375
8,4,neg_log_loss,raw,neg_log_loss + raw,1.0,None,0.9277859237536656,0.07225774505659416,0.07594509538100011,0.9230769230769231,0.8709677419354839,0.9333333333333333,0.8933333333333333,0.8,-0.7070800798211477,0.8194888182787861,0.967741935483871
8,4,neg_log_loss,platt,neg_log_loss + platt,1.0,None,0.9277859237536656,0.0742310690186422,0.07542558895892065,0.8888888888888888,0.8709677419354839,0.9066666666666666,0.8933333333333333,0.65,0.024243100887324065,0.6917280393350201,0.967741935483871
8,5,roc_auc,raw,roc_auc + raw,100.0,balanced,0.9541218637992831,0.04835772491133274,0.06284089018550604,0.9491525423728814,0.9491525423728814,0.9605263157894737,0.9605263157894737,0.5,0.2467206575475415,1.0605484252685826,0.8813559322033898
8,5,roc_auc,platt,roc_auc + platt,100.0,balanced,0.9541218637992831,0.07276446060549695,0.14531550268048385,0.9032258064516129,0.9032258064516129,0.9210526315789473,0.9210526315789473,0.5,-0.4770170953895525,1.7046449745884495,0.8813559322033898
8,5,neg_log_loss,raw,neg_log_loss + raw,1.0,None,0.9541218637992831,0.0584638922197982,0.07993164991762661,0.9032258064516129,0.9032258064516129,0.9210526315789473,0.9210526315789473,0.5,0.35013618203122754,1.0916013813203966,0.8813559322033898
8,5,neg_log_loss,platt,neg_log_loss + platt,1.0,None,0.9541218637992831,0.07468515245838706,0.13304634699608803,0.8888888888888888,0.8888888888888888,0.9078947368421053,0.9078947368421053,0.5,-0.5817626891054005,1.461648543634402,0.8813559322033898
