replicate,model,model_label,n_train,n_test,best_c,best_weight,roc_auc,f1,accuracy,precision,recall,brier,ece
1,orig_quality_hr,Original: Quality + HR,360,138,0.1,None,0.9364396654719236,0.8539325842696629,0.9057971014492754,0.8636363636363636,0.8444444444444444,0.06695708185420356,0.01968391908592967
1,orig_sleep_pa,Original: Sleep + PA,360,138,0.1,None,0.9381123058542413,0.8539325842696629,0.9057971014492754,0.8636363636363636,0.8444444444444444,0.07286810474850297,0.023224382773010994
1,orig_sleep_hr,Original: Sleep + HR,360,138,0.1,None,0.9357228195937873,0.8539325842696629,0.9057971014492754,0.8636363636363636,0.8444444444444444,0.07090234251726607,0.023290227335667445
1,orig_quality_pa,Original: Quality + PA,360,138,0.1,None,0.9369175627240143,0.8539325842696629,0.9057971014492754,0.8636363636363636,0.8444444444444444,0.0678476483260525,0.018409728557919607
1,compressed,Compressed Derived,360,138,0.1,None,0.933811230585424,0.8636363636363636,0.9130434782608695,0.8837209302325582,0.8444444444444444,0.06939599164183859,0.027181831612996345
1,enhanced,Compressed + Interaction,360,138,0.1,None,0.9318996415770608,0.8539325842696629,0.9057971014492754,0.8636363636363636,0.8444444444444444,0.0727722754689796,0.019502048163036346
2,orig_quality_hr,Original: Quality + HR,358,117,0.1,None,0.9467164179104478,0.9411764705882353,0.9487179487179487,0.9230769230769231,0.96,0.05982614172587864,0.05820466929933967
2,orig_sleep_pa,Original: Sleep + PA,358,117,0.1,None,0.9514925373134328,0.9411764705882353,0.9487179487179487,0.9230769230769231,0.96,0.06292822784768119,0.0644993719874986
2,orig_sleep_hr,Original: Sleep + HR,358,117,0.1,None,0.9532835820895522,0.9411764705882353,0.9487179487179487,0.9230769230769231,0.96,0.057588758830608724,0.07068440015183661
2,orig_quality_pa,Original: Quality + PA,358,117,0.1,None,0.9485074626865673,0.9411764705882353,0.9487179487179487,0.9230769230769231,0.96,0.060894362699931905,0.05075566353731722
2,compressed,Compressed Derived,358,117,0.1,None,0.9541791044776119,0.9411764705882353,0.9487179487179487,0.9230769230769231,0.96,0.06236293486679417,0.07155417763559749
2,enhanced,Compressed + Interaction,358,117,0.1,balanced,0.954179104477612,0.9411764705882353,0.9487179487179487,0.9230769230769231,0.96,0.06477786703005389,0.06765611138492457
3,orig_quality_hr,Original: Quality + HR,383,139,0.1,None,0.9261057173678533,0.8,0.8992805755395683,0.8235294117647058,0.7777777777777778,0.07446898504629212,0.054677205238621004
3,orig_sleep_pa,Original: Sleep + PA,383,139,0.1,None,0.901294498381877,0.8,0.8992805755395683,0.8235294117647058,0.7777777777777778,0.0823076712393073,0.0788231957412393
3,orig_sleep_hr,Original: Sleep + HR,383,139,0.1,None,0.930151024811219,0.8,0.8992805755395683,0.8235294117647058,0.7777777777777778,0.07838946948831964,0.07254851782878913
3,orig_quality_pa,Original: Quality + PA,383,139,0.1,None,0.901294498381877,0.8,0.8992805755395683,0.8235294117647058,0.7777777777777778,0.07624641535028454,0.053538066012788724
3,compressed,Compressed Derived,383,139,0.1,balanced,0.9288025889967637,0.8,0.8992805755395683,0.8235294117647058,0.7777777777777778,0.07597833518572812,0.05931619756956732
3,enhanced,Compressed + Interaction,383,139,0.1,balanced,0.9288025889967637,0.8,0.8992805755395683,0.8235294117647058,0.7777777777777778,0.07784760621075869,0.05381077902664964
4,orig_quality_hr,Original: Quality + HR,394,132,0.1,None,0.93359375,0.9115646258503401,0.9015151515151515,0.8481012658227848,0.9852941176470589,0.08335195796972818,0.06474530914532917
4,orig_sleep_pa,Original: Sleep + PA,394,132,0.1,None,0.9310661764705883,0.896551724137931,0.8863636363636364,0.8441558441558441,0.9558823529411765,0.08915954445804603,0.07322300405708522
4,orig_sleep_hr,Original: Sleep + HR,394,132,0.1,None,0.9260110294117647,0.896551724137931,0.8863636363636364,0.8441558441558441,0.9558823529411765,0.08803154899593967,0.06716206524617979
4,orig_quality_pa,Original: Quality + PA,394,132,0.1,None,0.9386488970588235,0.896551724137931,0.8863636363636364,0.8441558441558441,0.9558823529411765,0.08241443888780763,0.06517961072141205
4,compressed,Compressed Derived,394,132,0.1,None,0.928768382352941,0.896551724137931,0.8863636363636364,0.8441558441558441,0.9558823529411765,0.08377130141352833,0.04933184847953149
4,enhanced,Compressed + Interaction,394,132,0.1,None,0.93359375,0.896551724137931,0.8863636363636364,0.8441558441558441,0.9558823529411765,0.08663216072738393,0.05030581088910898
5,orig_quality_hr,Original: Quality + HR,361,136,0.1,None,0.9414639690838826,0.9026548672566371,0.9191176470588235,0.85,0.9622641509433962,0.07068893134496855,0.05802328186268714
5,orig_sleep_pa,Original: Sleep + PA,361,136,0.1,None,0.9512389179358945,0.9026548672566371,0.9191176470588235,0.85,0.9622641509433962,0.07290841746452495,0.08104177841564253
5,orig_sleep_hr,Original: Sleep + HR,361,136,0.1,balanced,0.9405546715162537,0.9026548672566371,0.9191176470588235,0.85,0.9622641509433962,0.07288276755368144,0.06012256143278314
5,orig_quality_pa,Original: Quality + PA,361,136,0.1,None,0.954421459422596,0.9026548672566371,0.9191176470588235,0.85,0.9622641509433962,0.06961182007952148,0.07603647233815741
5,compressed,Compressed Derived,361,136,0.1,None,0.9416912934757902,0.9026548672566371,0.9191176470588235,0.85,0.9622641509433962,0.07220826648020691,0.05882855863495778
5,enhanced,Compressed + Interaction,361,136,0.1,None,0.9412366446919754,0.9026548672566371,0.9191176470588235,0.85,0.9622641509433962,0.07238185642632314,0.06713444902523759
6,orig_quality_hr,Original: Quality + HR,382,143,0.1,None,0.9650943396226416,0.9142857142857143,0.9370629370629371,0.9230769230769231,0.9056603773584906,0.056747434836942404,0.07564493242342567
6,orig_sleep_pa,Original: Sleep + PA,382,143,0.1,None,0.9645702306079664,0.9142857142857143,0.9370629370629371,0.9230769230769231,0.9056603773584906,0.06652345149243671,0.08476665821061194
6,orig_sleep_hr,Original: Sleep + HR,382,143,0.1,None,0.9664570230607966,0.9142857142857143,0.9370629370629371,0.9230769230769231,0.9056603773584906,0.05866540263013298,0.07311242906501965
6,orig_quality_pa,Original: Quality + PA,382,143,0.1,None,0.9606918238993711,0.9320388349514563,0.951048951048951,0.96,0.9056603773584906,0.062022398919260244,0.08510930463431267
6,compressed,Compressed Derived,382,143,0.1,None,0.9582809224318657,0.9142857142857143,0.9370629370629371,0.9230769230769231,0.9056603773584906,0.05850243873469781,0.09463900173146522
6,enhanced,Compressed + Interaction,382,143,0.1,None,0.9570230607966456,0.9142857142857143,0.9370629370629371,0.9230769230769231,0.9056603773584906,0.0575949633829855,0.07756739713828753
7,orig_quality_hr,Original: Quality + HR,350,140,0.1,None,0.9164598842018197,0.8923076923076924,0.9,0.8529411764705882,0.9354838709677419,0.08391953544366239,0.03698819559842823
7,orig_sleep_pa,Original: Sleep + PA,350,140,1.0,None,0.9167700578990902,0.875,0.8857142857142857,0.8484848484848485,0.9032258064516129,0.09235843920175364,0.0659162774215678
7,orig_sleep_hr,Original: Sleep + HR,350,140,0.1,balanced,0.9233870967741935,0.875,0.8857142857142857,0.8484848484848485,0.9032258064516129,0.08949634065734668,0.056938840568870684
7,orig_quality_pa,Original: Quality + PA,350,140,0.1,None,0.923490488006617,0.875,0.8857142857142857,0.8484848484848485,0.9032258064516129,0.08526869841902887,0.04682121513065128
7,compressed,Compressed Derived,350,140,1.0,balanced,0.9198717948717949,0.8923076923076924,0.9,0.8529411764705882,0.9354838709677419,0.08637663673482614,0.08227953687950465
7,enhanced,Compressed + Interaction,350,140,0.1,None,0.9260752688172044,0.875,0.8857142857142857,0.8484848484848485,0.9032258064516129,0.08705767277106431,0.0361607267670272
8,orig_quality_hr,Original: Quality + HR,357,180,0.1,None,0.9393650793650794,0.8843537414965986,0.9055555555555556,0.9027777777777778,0.8666666666666667,0.07562097244403468,0.05648268135080468
8,orig_sleep_pa,Original: Sleep + PA,357,180,0.1,None,0.9361269841269841,0.8843537414965986,0.9055555555555556,0.9027777777777778,0.8666666666666667,0.07876270220293381,0.052525494819380084
8,orig_sleep_hr,Original: Sleep + HR,357,180,1.0,None,0.9393015873015874,0.8843537414965986,0.9055555555555556,0.9027777777777778,0.8666666666666667,0.0815842844855906,0.05181527282874326
8,orig_quality_pa,Original: Quality + PA,357,180,0.1,None,0.9377142857142857,0.8904109589041096,0.9111111111111111,0.9154929577464789,0.8666666666666667,0.07665195190459205,0.056113154993847364
8,compressed,Compressed Derived,357,180,1.0,None,0.9396190476190477,0.8904109589041096,0.9111111111111111,0.9154929577464789,0.8666666666666667,0.07919732728711933,0.05741240162766146
8,enhanced,Compressed + Interaction,357,180,0.1,None,0.9405079365079366,0.8904109589041096,0.9111111111111111,0.9154929577464789,0.8666666666666667,0.07885780838596076,0.05481917105124362
9,orig_quality_hr,Original: Quality + HR,350,151,0.1,None,0.9402880224798031,0.881578947368421,0.8807947019867549,0.8481012658227848,0.9178082191780822,0.08418196423162175,0.04083807818472106
9,orig_sleep_pa,Original: Sleep + PA,350,151,1.0,None,0.9247453459782227,0.8758169934640523,0.8741721854304636,0.8375,0.9178082191780822,0.09715265949685077,0.0772688057323209
9,orig_sleep_hr,Original: Sleep + HR,350,151,0.1,None,0.9426589392342817,0.881578947368421,0.8807947019867549,0.8481012658227848,0.9178082191780822,0.09026863033212515,0.042843622282260754
9,orig_quality_pa,Original: Quality + PA,350,151,1.0,None,0.9390586582367404,0.881578947368421,0.8807947019867549,0.8481012658227848,0.9178082191780822,0.08792898316086135,0.044766589987617636
9,compressed,Compressed Derived,350,151,0.1,None,0.9417808219178081,0.881578947368421,0.8807947019867549,0.8481012658227848,0.9178082191780822,0.08730170313078366,0.04792769880596333
9,enhanced,Compressed + Interaction,350,151,0.1,balanced,0.9415173867228661,0.8758169934640523,0.8741721854304636,0.8375,0.9178082191780822,0.0985766484079051,0.07269579617421293
10,orig_quality_hr,Original: Quality + HR,385,135,0.1,balanced,0.9630018674136321,0.9215686274509803,0.9407407407407408,0.9215686274509803,0.9215686274509803,0.0517830612383158,0.07858451482827604
10,orig_sleep_pa,Original: Sleep + PA,385,135,0.1,balanced,0.9723389355742297,0.94,0.9555555555555556,0.9591836734693877,0.9215686274509803,0.060534758739031275,0.09366227437290553
10,orig_sleep_hr,Original: Sleep + HR,385,135,0.1,balanced,0.9756069094304388,0.94,0.9555555555555556,0.9591836734693877,0.9215686274509803,0.05714602706468492,0.07894033080408501
10,orig_quality_pa,Original: Quality + PA,385,135,0.1,balanced,0.963702147525677,0.9215686274509803,0.9407407407407408,0.9215686274509803,0.9215686274509803,0.05310701847162302,0.08154474390716938
10,compressed,Compressed Derived,385,135,0.1,None,0.9611344537815125,0.94,0.9555555555555556,0.9591836734693877,0.9215686274509803,0.06134321891945552,0.09042924531464065
10,enhanced,Compressed + Interaction,385,135,0.1,balanced,0.9606676003734828,0.94,0.9555555555555556,0.9591836734693877,0.9215686274509803,0.05778089907458562,0.081703096010355
11,orig_quality_hr,Original: Quality + HR,395,149,0.1,balanced,0.938058867362146,0.8925619834710744,0.912751677852349,0.9,0.8852459016393442,0.07729588928960565,0.04479729840388321
11,orig_sleep_pa,Original: Sleep + PA,395,149,0.1,balanced,0.9323770491803278,0.8925619834710744,0.912751677852349,0.9,0.8852459016393442,0.07800995451807134,0.05929194296872093
11,orig_sleep_hr,Original: Sleep + HR,395,149,0.1,balanced,0.9390834575260805,0.8925619834710744,0.912751677852349,0.9,0.8852459016393442,0.07835693242794742,0.05909711008768032
11,orig_quality_pa,Original: Quality + PA,395,149,0.1,balanced,0.9330290611028317,0.8925619834710744,0.912751677852349,0.9,0.8852459016393442,0.0766927587266562,0.028256458611407565
11,compressed,Compressed Derived,395,149,0.1,balanced,0.9321907600596125,0.8925619834710744,0.912751677852349,0.9,0.8852459016393442,0.07796050519950985,0.04416490822334734
11,enhanced,Compressed + Interaction,395,149,0.1,balanced,0.9256706408345754,0.8925619834710744,0.912751677852349,0.9,0.8852459016393442,0.07823970145245479,0.050948660689517686
12,orig_quality_hr,Original: Quality + HR,395,136,0.1,None,0.9697035745422844,0.9375,0.9411764705882353,0.9090909090909091,0.967741935483871,0.05633225493726403,0.08195658378542117
12,orig_sleep_pa,Original: Sleep + PA,395,136,0.1,None,0.9724280732345248,0.9206349206349206,0.9264705882352942,0.90625,0.9354838709677419,0.06150265100725409,0.09059466374782481
12,orig_sleep_hr,Original: Sleep + HR,395,136,0.1,None,0.9685047951176984,0.9206349206349206,0.9264705882352942,0.90625,0.9354838709677419,0.05955679199768031,0.07307717375250457
12,orig_quality_pa,Original: Quality + PA,395,136,0.1,None,0.9718831734960768,0.9375,0.9411764705882353,0.9090909090909091,0.967741935483871,0.05685794357564019,0.09290812914071182
12,compressed,Compressed Derived,395,136,1.0,None,0.9675239755884918,0.9375,0.9411764705882353,0.9090909090909091,0.967741935483871,0.05430148634099924,0.06500581003000429
12,enhanced,Compressed + Interaction,395,136,0.1,None,0.9738448125544901,0.9206349206349206,0.9264705882352942,0.90625,0.9354838709677419,0.057581310764497275,0.0744310746561124
13,orig_quality_hr,Original: Quality + HR,339,140,10.0,balanced,0.9103839037927844,0.8539325842696629,0.9071428571428571,0.8837209302325582,0.8260869565217391,0.08617932648535911,0.06407891790795243
13,orig_sleep_pa,Original: Sleep + PA,339,140,0.1,None,0.9307354301572618,0.8723404255319149,0.9142857142857143,0.8541666666666666,0.8913043478260869,0.08142982321496486,0.05470491739120352
13,orig_sleep_hr,Original: Sleep + HR,339,140,0.1,balanced,0.9348982423681776,0.8723404255319149,0.9142857142857143,0.8541666666666666,0.8913043478260869,0.07814484443529127,0.0745463086541873
13,orig_quality_pa,Original: Quality + PA,339,140,0.1,None,0.93027289546716,0.8723404255319149,0.9142857142857143,0.8541666666666666,0.8913043478260869,0.0756989293869359,0.04541028626495281
13,compressed,Compressed Derived,339,140,1.0,balanced,0.9219472710453284,0.8666666666666667,0.9142857142857143,0.8863636363636364,0.8478260869565217,0.07776505322018541,0.06345556202573924
13,enhanced,Compressed + Interaction,339,140,0.1,balanced,0.9335106382978722,0.8723404255319149,0.9142857142857143,0.8541666666666666,0.8913043478260869,0.07809213289808713,0.0767635804776758
14,orig_quality_hr,Original: Quality + HR,377,141,0.1,None,0.9296594982078854,0.8817204301075269,0.9219858156028369,0.9111111111111111,0.8541666666666666,0.06859619754373195,0.015761601166558996
14,orig_sleep_pa,Original: Sleep + PA,377,141,0.1,None,0.9286514336917563,0.8631578947368421,0.9078014184397163,0.8723404255319149,0.8541666666666666,0.07495254872833415,0.045648651103267324
14,orig_sleep_hr,Original: Sleep + HR,377,141,0.1,balanced,0.9331317204301076,0.8631578947368421,0.9078014184397163,0.8723404255319149,0.8541666666666666,0.07354871824154162,0.052824817786939454
14,orig_quality_pa,Original: Quality + PA,377,141,0.1,None,0.9240591397849462,0.8631578947368421,0.9078014184397163,0.8723404255319149,0.8541666666666666,0.06956791722126361,0.018777478839059204
14,compressed,Compressed Derived,377,141,0.1,None,0.9254032258064515,0.8817204301075269,0.9219858156028369,0.9111111111111111,0.8541666666666666,0.06985148227518381,0.026025187704771597
14,enhanced,Compressed + Interaction,377,141,0.1,None,0.9233870967741935,0.8817204301075269,0.9219858156028369,0.9111111111111111,0.8541666666666666,0.07168568862695483,0.020081152412710947
15,orig_quality_hr,Original: Quality + HR,404,118,1.0,None,0.9234014930217461,0.8533333333333334,0.9067796610169492,0.8888888888888888,0.8205128205128205,0.07587069273288968,0.07530472045532677
15,orig_sleep_pa,Original: Sleep + PA,404,118,0.1,None,0.9349237260629665,0.9,0.9322033898305084,0.8780487804878049,0.9230769230769231,0.06682498267121673,0.0862433759746765
15,orig_sleep_hr,Original: Sleep + HR,404,118,1.0,None,0.9339500162284974,0.9,0.9322033898305084,0.8780487804878049,0.9230769230769231,0.06334680490125963,0.06342561204177534
15,orig_quality_pa,Original: Quality + PA,404,118,1.0,None,0.9308666017526778,0.9113924050632911,0.940677966101695,0.9,0.9230769230769231,0.06358945332294999,0.06684847092204244
15,compressed,Compressed Derived,404,118,1.0,None,0.9234014930217462,0.868421052631579,0.9152542372881356,0.8918918918918919,0.8461538461538461,0.07324169644505812,0.08358367854077861
15,enhanced,Compressed + Interaction,404,118,1.0,None,0.9229146381045116,0.868421052631579,0.9152542372881356,0.8918918918918919,0.8461538461538461,0.07261293191788226,0.08319409175327963
16,orig_quality_hr,Original: Quality + HR,315,178,0.1,None,0.9405934343434343,0.9438202247191011,0.9438202247191011,0.9333333333333333,0.9545454545454546,0.06986109580895701,0.08956422669570396
16,orig_sleep_pa,Original: Sleep + PA,315,178,0.1,None,0.9416666666666665,0.9333333333333333,0.9325842696629213,0.9130434782608695,0.9545454545454546,0.06998044369656664,0.083681286163268
16,orig_sleep_hr,Original: Sleep + HR,315,178,0.1,None,0.9414141414141413,0.9438202247191011,0.9438202247191011,0.9333333333333333,0.9545454545454546,0.07233070694089883,0.10001308299375594
16,orig_quality_pa,Original: Quality + PA,315,178,0.1,None,0.9386994949494949,0.9438202247191011,0.9438202247191011,0.9333333333333333,0.9545454545454546,0.06793069025035564,0.08260501124600511
16,compressed,Compressed Derived,315,178,1.0,None,0.93125,0.9230769230769231,0.9213483146067416,0.8936170212765957,0.9545454545454546,0.08029303113087818,0.09218635942598037
16,enhanced,Compressed + Interaction,315,178,0.1,None,0.938320707070707,0.9333333333333333,0.9325842696629213,0.9130434782608695,0.9545454545454546,0.07439707518594856,0.11264392656379753
17,orig_quality_hr,Original: Quality + HR,300,172,0.1,balanced,0.9300798700419656,0.9221556886227545,0.9244186046511628,0.9166666666666666,0.927710843373494,0.0774398668809663,0.07942035186371578
17,orig_sleep_pa,Original: Sleep + PA,300,172,0.1,None,0.9353594151888452,0.9090909090909091,0.9127906976744186,0.9146341463414634,0.9036144578313253,0.08785714290036012,0.08196220529309091
17,orig_sleep_hr,Original: Sleep + HR,300,172,0.1,None,0.9291322593745769,0.9221556886227545,0.9244186046511628,0.9166666666666666,0.927710843373494,0.08441224083361636,0.0869450773867282
17,orig_quality_pa,Original: Quality + PA,300,172,0.1,None,0.940774333288209,0.9333333333333333,0.936046511627907,0.9390243902439024,0.927710843373494,0.08342262625761372,0.07882953420162991
17,compressed,Compressed Derived,300,172,0.1,None,0.9310274807093544,0.9333333333333333,0.936046511627907,0.9390243902439024,0.927710843373494,0.08221115933566922,0.08122542798785241
17,enhanced,Compressed + Interaction,300,172,0.1,None,0.9330580749966156,0.9090909090909091,0.9127906976744186,0.9146341463414634,0.9036144578313253,0.08049762837772066,0.06476434579055572
18,orig_quality_hr,Original: Quality + HR,352,172,1.0,None,0.9424342105263158,0.9251700680272109,0.936046511627907,0.9577464788732394,0.8947368421052632,0.07916237078581985,0.08254086764577337
18,orig_sleep_pa,Original: Sleep + PA,352,172,1.0,None,0.9248218201754386,0.8979591836734694,0.9127906976744186,0.9295774647887324,0.868421052631579,0.09968392201316384,0.10885032809742148
18,orig_sleep_hr,Original: Sleep + HR,352,172,0.1,None,0.9411321271929824,0.9251700680272109,0.936046511627907,0.9577464788732394,0.8947368421052632,0.09052856234999962,0.08615357492703384
18,orig_quality_pa,Original: Quality + PA,352,172,0.1,None,0.9300986842105263,0.9103448275862069,0.9244186046511628,0.9565217391304348,0.868421052631579,0.08728042583602495,0.09762832395185189
18,compressed,Compressed Derived,352,172,0.1,None,0.9292077850877193,0.9251700680272109,0.936046511627907,0.9577464788732394,0.8947368421052632,0.09114879532905276,0.08179871550847942
18,enhanced,Compressed + Interaction,352,172,1.0,None,0.9340049342105263,0.8382352941176471,0.872093023255814,0.95,0.75,0.09158916495302082,0.09858672140883742
19,orig_quality_hr,Original: Quality + HR,356,120,0.1,None,0.9143155694879833,0.8181818181818182,0.9,0.8181818181818182,0.8181818181818182,0.0856477258621091,0.05791587155106926
19,orig_sleep_pa,Original: Sleep + PA,356,120,0.1,None,0.87652385928248,0.8181818181818182,0.9,0.8181818181818182,0.8181818181818182,0.08933032838363701,0.0722959414285416
19,orig_sleep_hr,Original: Sleep + HR,356,120,0.1,balanced,0.8939393939393938,0.8181818181818182,0.9,0.8181818181818182,0.8181818181818182,0.08815134426998926,0.06451058871428089
19,orig_quality_pa,Original: Quality + PA,356,120,1.0,None,0.8895855102751655,0.8307692307692308,0.9083333333333333,0.84375,0.8181818181818182,0.08775879202193261,0.05169435109597122
19,compressed,Compressed Derived,356,120,0.1,balanced,0.9007314524555905,0.8181818181818182,0.9,0.8181818181818182,0.8181818181818182,0.08901629492978971,0.05489089349978536
19,enhanced,Compressed + Interaction,356,120,0.1,balanced,0.9045628700801114,0.8181818181818182,0.9,0.8181818181818182,0.8181818181818182,0.08804262530664202,0.047246575399666514
20,orig_quality_hr,Original: Quality + HR,367,132,0.1,None,0.9514645364318567,0.9215686274509803,0.9393939393939394,0.9215686274509803,0.9215686274509803,0.05865802476980261,0.041308097011210056
20,orig_sleep_pa,Original: Sleep + PA,367,132,0.1,None,0.9563059791817962,0.9,0.9242424242424242,0.9183673469387755,0.8823529411764706,0.06494851088386538,0.055412446969528704
20,orig_sleep_hr,Original: Sleep + HR,367,132,0.1,None,0.9580004841442749,0.9,0.9242424242424242,0.9183673469387755,0.8823529411764706,0.06094946634981967,0.045172115453573754
20,orig_quality_pa,Original: Quality + PA,367,132,0.1,None,0.947833454369402,0.9215686274509803,0.9393939393939394,0.9215686274509803,0.9215686274509803,0.06079317145197003,0.03531769784706345
20,compressed,Compressed Derived,367,132,0.1,None,0.9548535463568144,0.9215686274509803,0.9393939393939394,0.9215686274509803,0.9215686274509803,0.061379925753529976,0.04910510259150621
20,enhanced,Compressed + Interaction,367,132,0.1,balanced,0.9560639070442992,0.9215686274509803,0.9393939393939394,0.9215686274509803,0.9215686274509803,0.06317283742672537,0.05095092474072265
21,orig_quality_hr,Original: Quality + HR,372,156,1.0,balanced,0.9091293322062552,0.8702290076335878,0.8910256410256411,0.8636363636363636,0.8769230769230769,0.09527996354098331,0.03944361597663103
21,orig_sleep_pa,Original: Sleep + PA,372,156,1.0,balanced,0.9039729501267963,0.8702290076335878,0.8910256410256411,0.8636363636363636,0.8769230769230769,0.09680905048106367,0.06049607783417617
21,orig_sleep_hr,Original: Sleep + HR,372,156,0.1,balanced,0.9185122569737953,0.8702290076335878,0.8910256410256411,0.8636363636363636,0.8769230769230769,0.09320201117401512,0.03952957303354973
21,orig_quality_pa,Original: Quality + PA,372,156,0.1,balanced,0.8966187658495351,0.8702290076335878,0.8910256410256411,0.8636363636363636,0.8769230769230769,0.09486905241943044,0.05155410303248066
21,compressed,Compressed Derived,372,156,1.0,balanced,0.9028740490278951,0.8702290076335878,0.8910256410256411,0.8636363636363636,0.8769230769230769,0.09567686030276219,0.041408119978010985
21,enhanced,Compressed + Interaction,372,156,0.1,balanced,0.9094674556213018,0.8702290076335878,0.8910256410256411,0.8636363636363636,0.8769230769230769,0.09370460631296386,0.028061702893251817
22,orig_quality_hr,Original: Quality + HR,366,149,0.1,None,0.9788426763110308,0.9517241379310345,0.9530201342281879,0.92,0.9857142857142858,0.05052740131028181,0.10002367136143343
22,orig_sleep_pa,Original: Sleep + PA,366,149,0.1,None,0.9769439421338156,0.9370629370629371,0.9395973154362416,0.9178082191780822,0.9571428571428572,0.058904658690520036,0.10762917259957365
22,orig_sleep_hr,Original: Sleep + HR,366,149,0.1,balanced,0.9811030741410488,0.9370629370629371,0.9395973154362416,0.9178082191780822,0.9571428571428572,0.057815423800610985,0.10291284287776602
22,orig_quality_pa,Original: Quality + PA,366,149,0.1,None,0.9732368896925858,0.9517241379310345,0.9530201342281879,0.92,0.9857142857142858,0.053652816771161925,0.10399084141910542
22,compressed,Compressed Derived,366,149,0.1,balanced,0.9843580470162749,0.9517241379310345,0.9530201342281879,0.92,0.9857142857142858,0.05811033924649215,0.10816144117965752
22,enhanced,Compressed + Interaction,366,149,0.1,None,0.980379746835443,0.9370629370629371,0.9395973154362416,0.9178082191780822,0.9571428571428572,0.053103948208528005,0.09518032461101457
23,orig_quality_hr,Original: Quality + HR,349,138,0.1,balanced,0.9510433386837882,0.8865979381443299,0.9202898550724637,0.8958333333333334,0.8775510204081632,0.07348283242105852,0.051588164296071014
23,orig_sleep_pa,Original: Sleep + PA,349,138,1.0,balanced,0.9468011923870672,0.8865979381443299,0.9202898550724637,0.8958333333333334,0.8775510204081632,0.07091294307774199,0.0640188753603582
23,orig_sleep_hr,Original: Sleep + HR,349,138,0.1,balanced,0.946571887181839,0.8865979381443299,0.9202898550724637,0.8958333333333334,0.8775510204081632,0.0750383375804965,0.051690785568578826
23,orig_quality_pa,Original: Quality + PA,349,138,0.1,balanced,0.9712221967438661,0.8865979381443299,0.9202898550724637,0.8958333333333334,0.8775510204081632,0.06762134037449578,0.07254964182637857
23,compressed,Compressed Derived,349,138,10.0,balanced,0.9210043567988991,0.8775510204081632,0.9130434782608695,0.8775510204081632,0.8775510204081632,0.0790895105093239,0.07741548901646915
23,enhanced,Compressed + Interaction,349,138,0.1,None,0.9423297408851181,0.8865979381443299,0.9202898550724637,0.8958333333333334,0.8775510204081632,0.07326782147877266,0.04609494509343161
24,orig_quality_hr,Original: Quality + HR,339,167,1.0,None,0.9098062953995159,0.8222222222222222,0.9041916167664671,0.9024390243902439,0.7551020408163265,0.08561454481824438,0.05596938134397343
24,orig_sleep_pa,Original: Sleep + PA,339,167,1.0,None,0.9207886544448288,0.8387096774193549,0.9101796407185628,0.8863636363636364,0.7959183673469388,0.08323360575776642,0.07375260821651168
24,orig_sleep_hr,Original: Sleep + HR,339,167,1.0,balanced,0.9169837426496021,0.875,0.9281437125748503,0.8936170212765957,0.8571428571428571,0.07755763134998142,0.06097595490105112
24,orig_quality_pa,Original: Quality + PA,339,167,1.0,None,0.9172431684538221,0.8602150537634409,0.9221556886227545,0.9090909090909091,0.8163265306122449,0.07584550119130495,0.04558572916364396
24,compressed,Compressed Derived,339,167,1.0,None,0.9061743341404358,0.8478260869565217,0.9161676646706587,0.9069767441860465,0.7959183673469388,0.08171112587718006,0.03945032404450254
24,enhanced,Compressed + Interaction,339,167,0.1,None,0.9328087167070217,0.875,0.9281437125748503,0.8936170212765957,0.8571428571428571,0.0716260926211882,0.02912149330841504
25,orig_quality_hr,Original: Quality + HR,372,144,0.1,None,0.9372829861111112,0.9032258064516129,0.9375,0.9333333333333333,0.875,0.07049629199316369,0.039148851610503785
25,orig_sleep_pa,Original: Sleep + PA,372,144,0.1,None,0.9258897569444444,0.875,0.9166666666666666,0.875,0.875,0.078125315804223,0.05648137425749596
25,orig_sleep_hr,Original: Sleep + HR,372,144,0.1,None,0.9321831597222222,0.875,0.9166666666666666,0.875,0.875,0.07434794746001382,0.050625423696348815
25,orig_quality_pa,Original: Quality + PA,372,144,0.1,balanced,0.9331597222222222,0.875,0.9166666666666666,0.875,0.875,0.07201413886885016,0.06035160949045765
25,compressed,Compressed Derived,372,144,0.1,balanced,0.9309895833333333,0.875,0.9166666666666666,0.875,0.875,0.07530205389246425,0.06987101634804223
25,enhanced,Compressed + Interaction,372,144,0.1,None,0.931423611111111,0.875,0.9166666666666666,0.875,0.875,0.07243453787055538,0.05609113480678312
26,orig_quality_hr,Original: Quality + HR,347,147,0.1,None,0.9621212121212123,0.9197080291970803,0.9251700680272109,0.8873239436619719,0.9545454545454546,0.06355174944490995,0.04176396694135987
26,orig_sleep_pa,Original: Sleep + PA,347,147,0.1,None,0.9529554807332585,0.9197080291970803,0.9251700680272109,0.8873239436619719,0.9545454545454546,0.06609009614815324,0.03296997452498606
26,orig_sleep_hr,Original: Sleep + HR,347,147,0.1,balanced,0.9527684249906472,0.9197080291970803,0.9251700680272109,0.8873239436619719,0.9545454545454546,0.0682126322027216,0.04991553948961408
26,orig_quality_pa,Original: Quality + PA,347,147,0.1,None,0.9617471006359896,0.9197080291970803,0.9251700680272109,0.8873239436619719,0.9545454545454546,0.0629846233225777,0.04065482842909996
26,compressed,Compressed Derived,347,147,0.1,None,0.9598765432098766,0.9197080291970803,0.9251700680272109,0.8873239436619719,0.9545454545454546,0.06326509872631514,0.03793905830275228
26,enhanced,Compressed + Interaction,347,147,0.1,None,0.952020202020202,0.9197080291970803,0.9251700680272109,0.8873239436619719,0.9545454545454546,0.06516059009445375,0.03271499163034923
27,orig_quality_hr,Original: Quality + HR,395,130,0.1,None,0.9152395135269297,0.8932038834951457,0.9153846153846154,0.8846153846153846,0.9019607843137255,0.08583054373365638,0.06163882293925587
27,orig_sleep_pa,Original: Sleep + PA,395,130,0.1,None,0.9250434350955572,0.8712871287128713,0.9,0.88,0.8627450980392157,0.09222628396246862,0.06666117903423574
27,orig_sleep_hr,Original: Sleep + HR,395,130,0.1,None,0.9188384214445271,0.8712871287128713,0.9,0.88,0.8627450980392157,0.09088596731606477,0.06893372448659024
27,orig_quality_pa,Original: Quality + PA,395,130,0.1,None,0.9266567386448249,0.8712871287128713,0.9,0.88,0.8627450980392157,0.0844409487975208,0.06603018751215976
27,compressed,Compressed Derived,395,130,0.1,None,0.9182179200794242,0.8712871287128713,0.9,0.88,0.8627450980392157,0.08752189111229448,0.054529438534036426
27,enhanced,Compressed + Interaction,395,130,0.1,None,0.920451724993795,0.8712871287128713,0.9,0.88,0.8627450980392157,0.08591104769191232,0.06432748944534031
28,orig_quality_hr,Original: Quality + HR,406,145,0.1,None,0.9177190968235746,0.90625,0.9172413793103448,0.9508196721311475,0.8656716417910447,0.08167800492046026,0.04518313523051181
28,orig_sleep_pa,Original: Sleep + PA,406,145,0.1,None,0.9194412552621507,0.8888888888888888,0.903448275862069,0.9491525423728814,0.835820895522388,0.08806523242178405,0.05734058350835519
28,orig_sleep_hr,Original: Sleep + HR,406,145,0.1,None,0.914657481821661,0.8888888888888888,0.903448275862069,0.9491525423728814,0.835820895522388,0.08384675154573022,0.053788055120229425
28,orig_quality_pa,Original: Quality + PA,406,145,0.1,None,0.9221201683888252,0.90625,0.9172413793103448,0.9508196721311475,0.8656716417910447,0.08445215498095106,0.0528215988334437
28,compressed,Compressed Derived,406,145,0.1,None,0.913700727133563,0.8888888888888888,0.903448275862069,0.9491525423728814,0.835820895522388,0.08645975295657865,0.03509042927515951
28,enhanced,Compressed + Interaction,406,145,0.1,None,0.9133180252583238,0.8888888888888888,0.903448275862069,0.9491525423728814,0.835820895522388,0.08705722225393984,0.04660145077868386
29,orig_quality_hr,Original: Quality + HR,418,123,1.0,None,0.9346950517836594,0.896551724137931,0.926829268292683,0.9069767441860465,0.8863636363636364,0.05968203234221009,0.07249069600415806
29,orig_sleep_pa,Original: Sleep + PA,418,123,1.0,None,0.9300920598388953,0.896551724137931,0.926829268292683,0.9069767441860465,0.8863636363636364,0.06606163972957754,0.06347582612202367
29,orig_sleep_hr,Original: Sleep + HR,418,123,0.1,None,0.938722669735328,0.8863636363636364,0.9186991869918699,0.8863636363636364,0.8863636363636364,0.06624292118993792,0.06064395395407229
29,orig_quality_pa,Original: Quality + PA,418,123,1.0,None,0.9367088607594936,0.9176470588235294,0.943089430894309,0.9512195121951219,0.8863636363636364,0.05767453434548492,0.07944856888831961
29,compressed,Compressed Derived,418,123,0.1,None,0.94102416570771,0.8863636363636364,0.9186991869918699,0.8863636363636364,0.8863636363636364,0.06329323454001143,0.07800860403820274
29,enhanced,Compressed + Interaction,418,123,0.1,None,0.9378596087456846,0.8863636363636364,0.9186991869918699,0.8863636363636364,0.8863636363636364,0.06753983459855104,0.07595126074433696
30,orig_quality_hr,Original: Quality + HR,365,122,0.1,None,0.9310344827586207,0.8943089430894309,0.8934426229508197,0.8461538461538461,0.9482758620689655,0.08870034742002343,0.047074682631862506
30,orig_sleep_pa,Original: Sleep + PA,365,122,1.0,None,0.9286099137931035,0.8760330578512396,0.8770491803278688,0.8412698412698413,0.9137931034482759,0.09818404165951221,0.05622559571588627
30,orig_sleep_hr,Original: Sleep + HR,365,122,0.1,None,0.9331896551724137,0.8760330578512396,0.8770491803278688,0.8412698412698413,0.9137931034482759,0.09325377293773816,0.04202430353316974
30,orig_quality_pa,Original: Quality + PA,365,122,0.1,None,0.9323814655172413,0.8760330578512396,0.8770491803278688,0.8412698412698413,0.9137931034482759,0.09026455158156184,0.0400185135988365
30,compressed,Compressed Derived,365,122,0.1,None,0.9286099137931033,0.8760330578512396,0.8770491803278688,0.8412698412698413,0.9137931034482759,0.09059659558328098,0.06689017562833158
30,enhanced,Compressed + Interaction,365,122,0.1,None,0.9154094827586207,0.8760330578512396,0.8770491803278688,0.8412698412698413,0.9137931034482759,0.09608819052191016,0.06096430822535924
31,orig_quality_hr,Original: Quality + HR,350,130,1.0,None,0.8997781065088757,0.88,0.9076923076923077,0.9166666666666666,0.8461538461538461,0.1286230146406763,0.14756236172157017
31,orig_sleep_pa,Original: Sleep + PA,350,130,1.0,None,0.8962031558185405,0.8571428571428571,0.8923076923076924,0.9130434782608695,0.8076923076923077,0.13198273704462762,0.1412934157654999
31,orig_sleep_hr,Original: Sleep + HR,350,130,1.0,None,0.8952169625246549,0.88,0.9076923076923077,0.9166666666666666,0.8461538461538461,0.13424793882881061,0.15552356143695742
31,orig_quality_pa,Original: Quality + PA,350,130,1.0,None,0.8946005917159763,0.8571428571428571,0.8923076923076924,0.9130434782608695,0.8076923076923077,0.12309385003673452,0.1431842209252081
31,compressed,Compressed Derived,350,130,0.1,None,0.9175295857988165,0.8571428571428571,0.8923076923076924,0.9130434782608695,0.8076923076923077,0.12285514787700591,0.11802292330506227
31,enhanced,Compressed + Interaction,350,130,0.1,None,0.9160502958579881,0.8571428571428571,0.8923076923076924,0.9130434782608695,0.8076923076923077,0.11965076114842545,0.11564380523258135
32,orig_quality_hr,Original: Quality + HR,371,128,0.1,None,0.961764705882353,0.9016393442622951,0.90625,0.8870967741935484,0.9166666666666666,0.06446993608132284,0.061137604189947854
32,orig_sleep_pa,Original: Sleep + PA,371,128,0.1,None,0.9672794117647059,0.9016393442622951,0.90625,0.8870967741935484,0.9166666666666666,0.07000366552027243,0.06154971023607497
32,orig_sleep_hr,Original: Sleep + HR,371,128,0.1,None,0.9670343137254902,0.9016393442622951,0.90625,0.8870967741935484,0.9166666666666666,0.06774061000762513,0.06065554768056995
32,orig_quality_pa,Original: Quality + PA,371,128,0.1,None,0.9629901960784314,0.9016393442622951,0.90625,0.8870967741935484,0.9166666666666666,0.06576166062887277,0.06014145441806569
32,compressed,Compressed Derived,371,128,0.1,None,0.9622549019607843,0.9016393442622951,0.90625,0.8870967741935484,0.9166666666666666,0.06576131836327975,0.06317805746490829
32,enhanced,Compressed + Interaction,371,128,0.1,None,0.9610294117647058,0.9016393442622951,0.90625,0.8870967741935484,0.9166666666666666,0.06742704052547618,0.05013262407343266
33,orig_quality_hr,Original: Quality + HR,364,156,0.1,None,0.9500943396226414,0.8823529411764706,0.9230769230769231,0.8653846153846154,0.9,0.06603507144145111,0.04309458470617679
33,orig_sleep_pa,Original: Sleep + PA,364,156,0.1,None,0.9416037735849057,0.8823529411764706,0.9230769230769231,0.8653846153846154,0.9,0.0688545370167817,0.047473392172684675
33,orig_sleep_hr,Original: Sleep + HR,364,156,0.1,None,0.944056603773585,0.8823529411764706,0.9230769230769231,0.8653846153846154,0.9,0.06858793513935997,0.053186998135299486
33,orig_quality_pa,Original: Quality + PA,364,156,0.1,None,0.9510377358490566,0.8823529411764706,0.9230769230769231,0.8653846153846154,0.9,0.06642603099306636,0.037233731621478944
33,compressed,Compressed Derived,364,156,0.1,None,0.9469811320754716,0.8823529411764706,0.9230769230769231,0.8653846153846154,0.9,0.06644018489866135,0.051611273172869454
33,enhanced,Compressed + Interaction,364,156,0.1,balanced,0.9469811320754717,0.8823529411764706,0.9230769230769231,0.8653846153846154,0.9,0.06892877819479502,0.06106598294952914
34,orig_quality_hr,Original: Quality + HR,358,140,1.0,None,0.9140826873385012,0.9158878504672897,0.9357142857142857,0.9245283018867925,0.9074074074074074,0.07011349916791276,0.05288524318257452
34,orig_sleep_pa,Original: Sleep + PA,358,140,1.0,balanced,0.914944013781223,0.8909090909090909,0.9142857142857143,0.875,0.9074074074074074,0.08063701643920512,0.09912092740261655
34,orig_sleep_hr,Original: Sleep + HR,358,140,10.0,balanced,0.9188199827734711,0.9074074074074074,0.9285714285714286,0.9074074074074074,0.9074074074074074,0.07406041398552628,0.06565469274548735
34,orig_quality_pa,Original: Quality + PA,358,140,1.0,None,0.9106373815676141,0.9158878504672897,0.9357142857142857,0.9245283018867925,0.9074074074074074,0.07066043037589265,0.049227296631589756
34,compressed,Compressed Derived,358,140,0.1,balanced,0.9175279931093884,0.875,0.9,0.8448275862068966,0.9074074074074074,0.07800673970527269,0.07947644651698492
34,enhanced,Compressed + Interaction,358,140,0.1,balanced,0.9162360034453056,0.875,0.9,0.8448275862068966,0.9074074074074074,0.07977410436632765,0.07358795478035228
35,orig_quality_hr,Original: Quality + HR,315,183,1.0,balanced,0.9168742216687422,0.8671328671328671,0.8961748633879781,0.8857142857142857,0.8493150684931506,0.09073365879874307,0.06676091554013286
35,orig_sleep_pa,Original: Sleep + PA,315,183,0.1,None,0.9220423412204234,0.8827586206896552,0.907103825136612,0.8888888888888888,0.8767123287671232,0.08631847483169232,0.03741507646020832
35,orig_sleep_hr,Original: Sleep + HR,315,183,0.1,None,0.9181818181818182,0.8827586206896552,0.907103825136612,0.8888888888888888,0.8767123287671232,0.08457760564632222,0.034208773080826954
35,orig_quality_pa,Original: Quality + PA,315,183,0.1,None,0.9238480697384808,0.8671328671328671,0.8961748633879781,0.8857142857142857,0.8493150684931506,0.08610697390457196,0.03353808605146261
35,compressed,Compressed Derived,315,183,0.1,None,0.9245952677459528,0.8827586206896552,0.907103825136612,0.8888888888888888,0.8767123287671232,0.08583904054593665,0.03109989000965906
35,enhanced,Compressed + Interaction,315,183,0.1,None,0.9221046077210461,0.8827586206896552,0.907103825136612,0.8888888888888888,0.8767123287671232,0.08618195286368316,0.04218492041272657
36,orig_quality_hr,Original: Quality + HR,379,120,1.0,None,0.9123330491616937,0.8932038834951457,0.9083333333333333,0.8846153846153846,0.9019607843137255,0.08579615540551824,0.05155794037113731
36,orig_sleep_pa,Original: Sleep + PA,379,120,1.0,None,0.9192952543336175,0.8627450980392157,0.8833333333333333,0.8627450980392157,0.8627450980392157,0.09890256780058705,0.0661554634387016
36,orig_sleep_hr,Original: Sleep + HR,379,120,0.1,None,0.9113384484228474,0.8627450980392157,0.8833333333333333,0.8627450980392157,0.8627450980392157,0.09863028384402847,0.043921853441555025
36,orig_quality_pa,Original: Quality + PA,379,120,1.0,None,0.9234157431088378,0.8932038834951457,0.9083333333333333,0.8846153846153846,0.9019607843137255,0.08549791854717946,0.06682883344201226
36,compressed,Compressed Derived,379,120,0.1,None,0.9099175902244956,0.8846153846153846,0.9,0.8679245283018868,0.9019607843137255,0.09477691896908522,0.053967345327101054
36,enhanced,Compressed + Interaction,379,120,0.1,None,0.9099175902244956,0.8627450980392157,0.8833333333333333,0.8627450980392157,0.8627450980392157,0.0944440157330397,0.047461094673258444
37,orig_quality_hr,Original: Quality + HR,399,122,1.0,None,0.93006993006993,0.898876404494382,0.9262295081967213,0.8888888888888888,0.9090909090909091,0.06640403692820782,0.05435116644349283
37,orig_sleep_pa,Original: Sleep + PA,399,122,0.1,None,0.9224941724941724,0.8735632183908046,0.9098360655737705,0.8837209302325582,0.8636363636363636,0.07554660513525273,0.04473386812171859
37,orig_sleep_hr,Original: Sleep + HR,399,122,0.1,None,0.9184149184149184,0.8735632183908046,0.9098360655737705,0.8837209302325582,0.8636363636363636,0.07594480554906767,0.03854440801593907
37,orig_quality_pa,Original: Quality + PA,399,122,0.1,None,0.9277389277389276,0.8735632183908046,0.9098360655737705,0.8837209302325582,0.8636363636363636,0.07058110922253508,0.046900164900348616
37,compressed,Compressed Derived,399,122,0.1,None,0.9233682983682983,0.8735632183908046,0.9098360655737705,0.8837209302325582,0.8636363636363636,0.07306739701413187,0.047337564745301555
37,enhanced,Compressed + Interaction,399,122,0.1,None,0.9227855477855478,0.8735632183908046,0.9098360655737705,0.8837209302325582,0.8636363636363636,0.07363592933364851,0.04414949629681214
38,orig_quality_hr,Original: Quality + HR,364,119,1.0,balanced,0.9294871794871795,0.8333333333333334,0.9327731092436975,0.9090909090909091,0.7692307692307693,0.05709763620073011,0.04913181549317058
38,orig_sleep_pa,Original: Sleep + PA,364,119,0.1,balanced,0.9098428453267163,0.8333333333333334,0.9327731092436975,0.9090909090909091,0.7692307692307693,0.06917660335868983,0.05462746406992931
38,orig_sleep_hr,Original: Sleep + HR,364,119,0.1,balanced,0.93424317617866,0.8333333333333334,0.9327731092436975,0.9090909090909091,0.7692307692307693,0.06623264139330351,0.04936210911908426
38,orig_quality_pa,Original: Quality + PA,364,119,1.0,balanced,0.9299007444168735,0.851063829787234,0.9411764705882353,0.9523809523809523,0.7692307692307693,0.05729423321036365,0.05342934312671303
38,compressed,Compressed Derived,364,119,0.1,None,0.9253515301902399,0.8333333333333334,0.9327731092436975,0.9090909090909091,0.7692307692307693,0.0651363050037036,0.07599504606875744
38,enhanced,Compressed + Interaction,364,119,0.1,None,0.9092224979321754,0.8333333333333334,0.9327731092436975,0.9090909090909091,0.7692307692307693,0.0644079215827518,0.06462396230058662
39,orig_quality_hr,Original: Quality + HR,422,130,1.0,balanced,0.918615984405458,0.9142857142857143,0.9307692307692308,0.9411764705882353,0.8888888888888888,0.0673628918236342,0.06801818316359885
39,orig_sleep_pa,Original: Sleep + PA,422,130,0.1,balanced,0.9247076023391813,0.9056603773584906,0.9230769230769231,0.9230769230769231,0.8888888888888888,0.07021579270161447,0.054133325379010784
39,orig_sleep_hr,Original: Sleep + HR,422,130,0.1,balanced,0.9259259259259258,0.9056603773584906,0.9230769230769231,0.9230769230769231,0.8888888888888888,0.07233858576161468,0.054111159406510845
39,orig_quality_pa,Original: Quality + PA,422,130,1.0,balanced,0.9208089668615984,0.9230769230769231,0.9384615384615385,0.96,0.8888888888888888,0.06644666231464395,0.07340989243147092
39,compressed,Compressed Derived,422,130,1.0,balanced,0.9193469785575048,0.9230769230769231,0.9384615384615385,0.96,0.8888888888888888,0.06469976024788704,0.05999277335309129
39,enhanced,Compressed + Interaction,422,130,0.1,balanced,0.9222709551656919,0.9056603773584906,0.9230769230769231,0.9230769230769231,0.8888888888888888,0.07031112039214296,0.06663524621343092
40,orig_quality_hr,Original: Quality + HR,351,158,0.1,None,0.9480310968396146,0.8907563025210085,0.9177215189873418,0.9137931034482759,0.8688524590163934,0.07185380194747093,0.0253228939235397
40,orig_sleep_pa,Original: Sleep + PA,351,158,0.1,None,0.9357782660131824,0.8907563025210085,0.9177215189873418,0.9137931034482759,0.8688524590163934,0.07662462794940668,0.03169260528860398
40,orig_sleep_hr,Original: Sleep + HR,351,158,0.1,balanced,0.9455805306743282,0.8907563025210085,0.9177215189873418,0.9137931034482759,0.8688524590163934,0.07355393357480526,0.04934468617805658
40,orig_quality_pa,Original: Quality + PA,351,158,0.1,None,0.9465100557715058,0.8907563025210085,0.9177215189873418,0.9137931034482759,0.8688524590163934,0.07275153158604744,0.032271823270683765
40,compressed,Compressed Derived,351,158,0.1,balanced,0.9498056447524083,0.8907563025210085,0.9177215189873418,0.9137931034482759,0.8688524590163934,0.07163746012533666,0.03448434136524036
40,enhanced,Compressed + Interaction,351,158,0.1,None,0.9477775899949299,0.8907563025210085,0.9177215189873418,0.9137931034482759,0.8688524590163934,0.07387229910606659,0.040119296988847024
41,orig_quality_hr,Original: Quality + HR,374,130,1.0,None,0.8978750000000001,0.8712871287128713,0.9,0.8627450980392157,0.88,0.09855132286440903,0.03711119435935088
41,orig_sleep_pa,Original: Sleep + PA,374,130,0.1,None,0.89625,0.8484848484848485,0.8846153846153846,0.8571428571428571,0.84,0.10140154241816744,0.031700403699094507
41,orig_sleep_hr,Original: Sleep + HR,374,130,0.1,None,0.8895,0.8712871287128713,0.9,0.8627450980392157,0.88,0.09796755558102715,0.06417101188460117
41,orig_quality_pa,Original: Quality + PA,374,130,1.0,None,0.9043749999999999,0.8712871287128713,0.9,0.8627450980392157,0.88,0.09721478085907552,0.042218594329722
41,compressed,Compressed Derived,374,130,1.0,None,0.8939999999999999,0.8712871287128713,0.9,0.8627450980392157,0.88,0.09951324195904167,0.04332684943625064
41,enhanced,Compressed + Interaction,374,130,0.1,None,0.90125,0.8712871287128713,0.9,0.8627450980392157,0.88,0.09532027078986333,0.07046172561783651
42,orig_quality_hr,Original: Quality + HR,391,122,0.1,None,0.9661290322580645,0.9411764705882353,0.9426229508196722,0.9491525423728814,0.9333333333333333,0.05484771784151933,0.09727877579995403
42,orig_sleep_pa,Original: Sleep + PA,391,122,0.1,None,0.9676075268817204,0.9411764705882353,0.9426229508196722,0.9491525423728814,0.9333333333333333,0.05748376548499484,0.0985315826390642
42,orig_sleep_hr,Original: Sleep + HR,391,122,1.0,None,0.969489247311828,0.9411764705882353,0.9426229508196722,0.9491525423728814,0.9333333333333333,0.0540661623750933,0.07961915935953669
42,orig_quality_pa,Original: Quality + PA,391,122,0.1,None,0.9690860215053763,0.9411764705882353,0.9426229508196722,0.9491525423728814,0.9333333333333333,0.052958138364007465,0.0940263989585768
42,compressed,Compressed Derived,391,122,0.1,None,0.9681451612903227,0.9411764705882353,0.9426229508196722,0.9491525423728814,0.9333333333333333,0.056117151905953865,0.10510460212249977
42,enhanced,Compressed + Interaction,391,122,0.1,None,0.9706989247311828,0.9411764705882353,0.9426229508196722,0.9491525423728814,0.9333333333333333,0.05455417656892569,0.09322577790508953
43,orig_quality_hr,Original: Quality + HR,399,121,0.1,None,0.9522200772200772,0.9066666666666666,0.9421487603305785,0.8947368421052632,0.918918918918919,0.05640594166324607,0.07682351863856263
43,orig_sleep_pa,Original: Sleep + PA,399,121,0.1,None,0.9658944658944659,0.9066666666666666,0.9421487603305785,0.8947368421052632,0.918918918918919,0.0683597530650243,0.10788928744401163
43,orig_sleep_hr,Original: Sleep + HR,399,121,0.1,None,0.9607464607464608,0.8947368421052632,0.9338842975206612,0.8717948717948718,0.918918918918919,0.06454302320233789,0.10269242096719541
43,orig_quality_pa,Original: Quality + PA,399,121,0.1,None,0.9586550836550836,0.9066666666666666,0.9421487603305785,0.8947368421052632,0.918918918918919,0.05710069615434618,0.0832377357785809
43,compressed,Compressed Derived,399,121,0.1,None,0.9564028314028314,0.9066666666666666,0.9421487603305785,0.8947368421052632,0.918918918918919,0.08220685259141221,0.13203747820993372
43,enhanced,Compressed + Interaction,399,121,0.1,None,0.9567245817245817,0.9066666666666666,0.9421487603305785,0.8947368421052632,0.918918918918919,0.07955539062536021,0.12689796425306138
44,orig_quality_hr,Original: Quality + HR,333,144,0.1,None,0.9219246031746031,0.90625,0.9166666666666666,0.8529411764705882,0.9666666666666667,0.07894777883070803,0.09044658656137068
44,orig_sleep_pa,Original: Sleep + PA,333,144,0.1,None,0.9327380952380953,0.8818897637795275,0.8958333333333334,0.835820895522388,0.9333333333333333,0.08268570370612888,0.06647309209738106
44,orig_sleep_hr,Original: Sleep + HR,333,144,0.1,None,0.9121031746031746,0.90625,0.9166666666666666,0.8529411764705882,0.9666666666666667,0.08142091315012423,0.08986952744479901
44,orig_quality_pa,Original: Quality + PA,333,144,0.1,None,0.9366071428571429,0.90625,0.9166666666666666,0.8529411764705882,0.9666666666666667,0.0769050974821259,0.05449526444027543
44,compressed,Compressed Derived,333,144,0.1,None,0.9119047619047618,0.90625,0.9166666666666666,0.8529411764705882,0.9666666666666667,0.08142679541164195,0.09040195539237689
44,enhanced,Compressed + Interaction,333,144,0.1,None,0.913095238095238,0.90625,0.9166666666666666,0.8529411764705882,0.9666666666666667,0.0812739596253246,0.08179911314711313
45,orig_quality_hr,Original: Quality + HR,378,143,0.1,None,0.9465753424657535,0.8933333333333333,0.8881118881118881,0.8701298701298701,0.9178082191780822,0.08180179938680064,0.052852324811899644
45,orig_sleep_pa,Original: Sleep + PA,378,143,0.1,None,0.9360078277886497,0.8933333333333333,0.8881118881118881,0.8701298701298701,0.9178082191780822,0.08823470295220844,0.07854847019648652
45,orig_sleep_hr,Original: Sleep + HR,378,143,0.1,None,0.9467710371819961,0.8933333333333333,0.8881118881118881,0.8701298701298701,0.9178082191780822,0.0859678413367583,0.0549235685352396
45,orig_quality_pa,Original: Quality + PA,378,143,0.1,None,0.9465753424657534,0.8933333333333333,0.8881118881118881,0.8701298701298701,0.9178082191780822,0.08260417839421062,0.04061369494805124
45,compressed,Compressed Derived,378,143,0.1,None,0.9461839530332681,0.8933333333333333,0.8881118881118881,0.8701298701298701,0.9178082191780822,0.08468144817565193,0.05420059480805669
45,enhanced,Compressed + Interaction,378,143,0.1,None,0.9426614481409002,0.8933333333333333,0.8881118881118881,0.8701298701298701,0.9178082191780822,0.08793257065873847,0.045837598590841
46,orig_quality_hr,Original: Quality + HR,423,125,0.1,None,0.930771221532091,0.8347826086956521,0.848,0.8135593220338984,0.8571428571428571,0.10360271479857237,0.041966777279224245
46,orig_sleep_pa,Original: Sleep + PA,423,125,1.0,None,0.9135610766045549,0.8347826086956521,0.848,0.8135593220338984,0.8571428571428571,0.12802736234746626,0.054990605979057305
46,orig_sleep_hr,Original: Sleep + HR,423,125,0.1,None,0.9350414078674948,0.8347826086956521,0.848,0.8135593220338984,0.8571428571428571,0.10981783420158017,0.05407402460028704
46,orig_quality_pa,Original: Quality + PA,423,125,0.1,None,0.9261128364389234,0.8347826086956521,0.848,0.8135593220338984,0.8571428571428571,0.10694624926333818,0.03023205257103712
46,compressed,Compressed Derived,423,125,1.0,None,0.9205486542443063,0.8347826086956521,0.848,0.8135593220338984,0.8571428571428571,0.12076868227416018,0.05475143077301376
46,enhanced,Compressed + Interaction,423,125,0.1,None,0.9358178053830227,0.8347826086956521,0.848,0.8135593220338984,0.8571428571428571,0.11519425903293352,0.05093769721998309
47,orig_quality_hr,Original: Quality + HR,391,114,0.1,None,0.9225023342670401,0.8837209302325582,0.868421052631579,0.8636363636363636,0.9047619047619048,0.09240332741326666,0.047039574145681017
47,orig_sleep_pa,Original: Sleep + PA,391,114,0.1,None,0.9354186118892001,0.8837209302325582,0.868421052631579,0.8636363636363636,0.9047619047619048,0.10057287008312939,0.06017566573690613
47,orig_sleep_hr,Original: Sleep + HR,391,114,1.0,None,0.9298163709928415,0.8837209302325582,0.868421052631579,0.8636363636363636,0.9047619047619048,0.09944010735114305,0.05707835706196156
47,orig_quality_pa,Original: Quality + PA,391,114,0.1,None,0.9343292872704637,0.8837209302325582,0.868421052631579,0.8636363636363636,0.9047619047619048,0.09311709775809512,0.06654890906470143
47,compressed,Compressed Derived,391,114,0.1,None,0.9239028944911296,0.8837209302325582,0.868421052631579,0.8636363636363636,0.9047619047619048,0.09542416099713974,0.04921869046187407
47,enhanced,Compressed + Interaction,391,114,0.1,None,0.9313725490196079,0.8837209302325582,0.868421052631579,0.8636363636363636,0.9047619047619048,0.09965305266688387,0.059115288471178196
48,orig_quality_hr,Original: Quality + HR,338,163,10.0,balanced,0.927665357897916,0.9404761904761905,0.9386503067484663,0.9634146341463414,0.9186046511627907,0.0758986287581748,0.10447318814864649
48,orig_sleep_pa,Original: Sleep + PA,338,163,1.0,None,0.9355179704016914,0.8734177215189873,0.8773006134969326,0.9583333333333334,0.8023255813953488,0.11403968002170163,0.1649766176201652
48,orig_sleep_hr,Original: Sleep + HR,338,163,1.0,balanced,0.9267592872244036,0.9294117647058824,0.9263803680981595,0.9404761904761905,0.9186046511627907,0.08586824150836854,0.1070560096833344
48,orig_quality_pa,Original: Quality + PA,338,163,10.0,balanced,0.9284204167925098,0.9012345679012346,0.901840490797546,0.9605263157894737,0.8488372093023255,0.08486480536960508,0.10685794404734145
48,compressed,Compressed Derived,338,163,1.0,None,0.9262307459981879,0.9404761904761905,0.9386503067484663,0.9634146341463414,0.9186046511627907,0.08231687342404753,0.11995930670812284
48,enhanced,Compressed + Interaction,338,163,0.1,balanced,0.9239655693144065,0.9294117647058824,0.9263803680981595,0.9404761904761905,0.9186046511627907,0.0799496394197752,0.09743249745213632
49,orig_quality_hr,Original: Quality + HR,374,120,0.1,None,0.9361045828437132,0.8723404255319149,0.9,0.8541666666666666,0.8913043478260869,0.07790922224670312,0.052132354769935954
49,orig_sleep_pa,Original: Sleep + PA,374,120,1.0,None,0.9488836662749707,0.8478260869565217,0.8833333333333333,0.8478260869565217,0.8478260869565217,0.09250595999619528,0.03718228179875791
49,orig_sleep_hr,Original: Sleep + HR,374,120,0.1,None,0.9430082256169213,0.8478260869565217,0.8833333333333333,0.8478260869565217,0.8478260869565217,0.0851055335459925,0.06309914608496194
49,orig_quality_pa,Original: Quality + PA,374,120,0.1,None,0.9457990599294946,0.8478260869565217,0.8833333333333333,0.8478260869565217,0.8478260869565217,0.0785034028363096,0.06039873238506613
49,compressed,Compressed Derived,374,120,1.0,None,0.9289071680376029,0.8571428571428571,0.8916666666666667,0.8666666666666667,0.8478260869565217,0.08162604506134893,0.05472295009904793
49,enhanced,Compressed + Interaction,374,120,0.1,balanced,0.944770857814336,0.8478260869565217,0.8833333333333333,0.8478260869565217,0.8478260869565217,0.0861978320342048,0.056670511733484155
50,orig_quality_hr,Original: Quality + HR,355,157,0.1,None,0.9314420803782505,0.90625,0.9235668789808917,0.8923076923076924,0.9206349206349206,0.07146203797035602,0.05361525851634531
50,orig_sleep_pa,Original: Sleep + PA,355,157,0.1,None,0.9376055386693685,0.875,0.8980891719745223,0.8615384615384616,0.8888888888888888,0.07432372752572274,0.06372024840453366
50,orig_sleep_hr,Original: Sleep + HR,355,157,0.1,None,0.9335528537656197,0.875,0.8980891719745223,0.8615384615384616,0.8888888888888888,0.07431655346381341,0.06559185067349993
50,orig_quality_pa,Original: Quality + PA,355,157,0.1,None,0.9319486659912192,0.875,0.8980891719745223,0.8615384615384616,0.8888888888888888,0.07053717450810719,0.05461577054695853
50,compressed,Compressed Derived,355,157,0.1,None,0.928402566700439,0.90625,0.9235668789808917,0.8923076923076924,0.9206349206349206,0.0717927226755769,0.07534044202979735
50,enhanced,Compressed + Interaction,355,157,0.1,None,0.927727119216481,0.875,0.8980891719745223,0.8615384615384616,0.8888888888888888,0.07259065085552863,0.07201333631772479
51,orig_quality_hr,Original: Quality + HR,391,134,0.1,None,0.949577200125274,0.8,0.9029850746268657,0.7647058823529411,0.8387096774193549,0.07224120989838195,0.06546268903861527
51,orig_sleep_pa,Original: Sleep + PA,391,134,0.1,balanced,0.9580331976197932,0.8,0.9029850746268657,0.7647058823529411,0.8387096774193549,0.07337272880269188,0.06405364589094244
51,orig_sleep_hr,Original: Sleep + HR,391,134,0.1,None,0.9451926088318197,0.8,0.9029850746268657,0.7647058823529411,0.8387096774193549,0.07489743429582771,0.06990372284577337
51,orig_quality_pa,Original: Quality + PA,391,134,0.1,None,0.9508299404948325,0.8,0.9029850746268657,0.7647058823529411,0.8387096774193549,0.07008615771703629,0.05826076733392777
51,compressed,Compressed Derived,391,134,1.0,None,0.9198246163482618,0.8,0.9029850746268657,0.7647058823529411,0.8387096774193549,0.08107023596821214,0.07434075304543088
51,enhanced,Compressed + Interaction,391,134,0.1,balanced,0.9404948324459755,0.8,0.9029850746268657,0.7647058823529411,0.8387096774193549,0.07652681390271007,0.050336078307690074
52,orig_quality_hr,Original: Quality + HR,406,116,1.0,None,0.9113636363636364,0.9019607843137255,0.9137931034482759,0.8846153846153846,0.92,0.08570504177158082,0.09328667569587909
52,orig_sleep_pa,Original: Sleep + PA,406,116,0.1,None,0.9365151515151515,0.9108910891089109,0.9224137931034483,0.9019607843137255,0.92,0.08083674381134076,0.0865031054756609
52,orig_sleep_hr,Original: Sleep + HR,406,116,0.1,None,0.9037878787878788,0.9019607843137255,0.9137931034482759,0.8846153846153846,0.92,0.09011413917273224,0.07225706033653742
52,orig_quality_pa,Original: Quality + PA,406,116,0.1,None,0.931969696969697,0.9108910891089109,0.9224137931034483,0.9019607843137255,0.92,0.0752768913887984,0.08257149363582361
52,compressed,Compressed Derived,406,116,0.1,None,0.9034848484848484,0.9108910891089109,0.9224137931034483,0.9019607843137255,0.92,0.09051443562631417,0.0704239109521959
52,enhanced,Compressed + Interaction,406,116,0.1,None,0.9083333333333333,0.9108910891089109,0.9224137931034483,0.9019607843137255,0.92,0.09073947968924738,0.07226272015432578
53,orig_quality_hr,Original: Quality + HR,386,153,10.0,None,0.892591279688054,0.8347826086956521,0.8758169934640523,0.9056603773584906,0.7741935483870968,0.11196956654253089,0.09149828009761742
53,orig_sleep_pa,Original: Sleep + PA,386,153,1.0,None,0.9051754696915988,0.8347826086956521,0.8758169934640523,0.9056603773584906,0.7741935483870968,0.09654675654160341,0.08264097137633748
53,orig_sleep_hr,Original: Sleep + HR,386,153,0.1,None,0.9158099964551576,0.8739495798319328,0.9019607843137255,0.9122807017543859,0.8387096774193549,0.08863834131971733,0.061068346063637854
53,orig_quality_pa,Original: Quality + PA,386,153,10.0,None,0.9012761432116272,0.8620689655172413,0.8954248366013072,0.9259259259259259,0.8064516129032258,0.10094447504854771,0.09962344754932898
53,compressed,Compressed Derived,386,153,10.0,None,0.9027827011697981,0.9,0.9215686274509803,0.9310344827586207,0.8709677419354839,0.07730821390546591,0.0586891125748569
53,enhanced,Compressed + Interaction,386,153,1.0,None,0.9104041120170153,0.9,0.9215686274509803,0.9310344827586207,0.8709677419354839,0.07723252176391535,0.053070028503324845
54,orig_quality_hr,Original: Quality + HR,368,143,10.0,balanced,0.9498081841432224,0.8775510204081632,0.916083916083916,0.9148936170212766,0.8431372549019608,0.06880703993690454,0.034272253137706286
54,orig_sleep_pa,Original: Sleep + PA,368,143,1.0,balanced,0.9323316283034954,0.875,0.916083916083916,0.9333333333333333,0.8235294117647058,0.0726734620545827,0.042935313896688414
54,orig_sleep_hr,Original: Sleep + HR,368,143,0.1,None,0.9547101449275361,0.8865979381443299,0.9230769230769231,0.9347826086956522,0.8431372549019608,0.07041129290966942,0.056918197070747675
54,orig_quality_pa,Original: Quality + PA,368,143,0.1,None,0.9442668371696504,0.8865979381443299,0.9230769230769231,0.9347826086956522,0.8431372549019608,0.07078290209618382,0.043375680090553044
54,compressed,Compressed Derived,368,143,0.1,balanced,0.9515132139812447,0.8865979381443299,0.9230769230769231,0.9347826086956522,0.8431372549019608,0.06829161523743853,0.0646506349376187
54,enhanced,Compressed + Interaction,368,143,0.1,balanced,0.9472506393861893,0.8865979381443299,0.9230769230769231,0.9347826086956522,0.8431372549019608,0.07083616068341024,0.045187340390102984
55,orig_quality_hr,Original: Quality + HR,373,139,0.1,None,0.9151833872707659,0.8571428571428571,0.9280575539568345,0.8823529411764706,0.8333333333333334,0.06612405976322978,0.06526240416084003
55,orig_sleep_pa,Original: Sleep + PA,373,139,0.1,None,0.910059331175836,0.8235294117647058,0.9136690647482014,0.875,0.7777777777777778,0.07360262417122501,0.03810999879993514
55,orig_sleep_hr,Original: Sleep + HR,373,139,0.1,None,0.9149137001078749,0.8235294117647058,0.9136690647482014,0.875,0.7777777777777778,0.06994456769910556,0.06229207357211122
55,orig_quality_pa,Original: Quality + PA,373,139,0.1,None,0.9130258899676376,0.8235294117647058,0.9136690647482014,0.875,0.7777777777777778,0.06778082922000474,0.059788152592683864
55,compressed,Compressed Derived,373,139,0.1,balanced,0.9062837108953614,0.8235294117647058,0.9136690647482014,0.875,0.7777777777777778,0.06923229512180404,0.08113061630064292
55,enhanced,Compressed + Interaction,373,139,0.1,None,0.9062837108953614,0.8235294117647058,0.9136690647482014,0.875,0.7777777777777778,0.06928308252090364,0.07384820647930673
56,orig_quality_hr,Original: Quality + HR,346,143,1.0,None,0.9501048218029351,0.9345794392523364,0.951048951048951,0.9259259259259259,0.9433962264150944,0.052950238090821895,0.08556023175098999
56,orig_sleep_pa,Original: Sleep + PA,346,143,0.1,None,0.9482180293501049,0.9259259259259259,0.9440559440559441,0.9090909090909091,0.9433962264150944,0.05809081682062691,0.09605322309865257
56,orig_sleep_hr,Original: Sleep + HR,346,143,0.1,None,0.9519916142557652,0.9259259259259259,0.9440559440559441,0.9090909090909091,0.9433962264150944,0.059853204240722144,0.08997551841390793
56,orig_quality_pa,Original: Quality + PA,346,143,0.1,None,0.9461215932914047,0.9259259259259259,0.9440559440559441,0.9090909090909091,0.9433962264150944,0.05642080448649104,0.08708383111613573
56,compressed,Compressed Derived,346,143,0.1,None,0.9483228511530398,0.9433962264150944,0.958041958041958,0.9433962264150944,0.9433962264150944,0.059512371307504267,0.1106500283449619
56,enhanced,Compressed + Interaction,346,143,0.1,balanced,0.9464360587002096,0.9259259259259259,0.9440559440559441,0.9090909090909091,0.9433962264150944,0.05994118250809091,0.10917966226124982
57,orig_quality_hr,Original: Quality + HR,434,129,1.0,balanced,0.9283422459893047,0.8863636363636364,0.9224806201550387,0.8863636363636364,0.8863636363636364,0.07079734454982126,0.027984936120285065
57,orig_sleep_pa,Original: Sleep + PA,434,129,0.1,None,0.934625668449198,0.8604651162790697,0.9069767441860465,0.8809523809523809,0.8409090909090909,0.08063171571715802,0.04481005292763798
57,orig_sleep_hr,Original: Sleep + HR,434,129,0.1,None,0.9370320855614973,0.8604651162790697,0.9069767441860465,0.8809523809523809,0.8409090909090909,0.07630550966503942,0.03233260404740089
57,orig_quality_pa,Original: Quality + PA,434,129,0.1,None,0.927807486631016,0.8604651162790697,0.9069767441860465,0.8809523809523809,0.8409090909090909,0.07571611466340075,0.021461400385396543
57,compressed,Compressed Derived,434,129,0.1,None,0.9342245989304814,0.8604651162790697,0.9069767441860465,0.8809523809523809,0.8409090909090909,0.07403656458285052,0.04878230857499969
57,enhanced,Compressed + Interaction,434,129,0.1,balanced,0.9344919786096257,0.8604651162790697,0.9069767441860465,0.8809523809523809,0.8409090909090909,0.07537677409462394,0.02893958644008272
58,orig_quality_hr,Original: Quality + HR,414,139,0.1,None,0.9342273307790551,0.8620689655172413,0.8848920863309353,0.8620689655172413,0.8620689655172413,0.08074205401724774,0.049262160544133946
58,orig_sleep_pa,Original: Sleep + PA,414,139,0.1,None,0.9317794806300554,0.8620689655172413,0.8848920863309353,0.8620689655172413,0.8620689655172413,0.0893547592206309,0.07794372309008535
58,orig_sleep_hr,Original: Sleep + HR,414,139,0.1,balanced,0.9296509152830993,0.8620689655172413,0.8848920863309353,0.8620689655172413,0.8620689655172413,0.08496226918427525,0.07326425293257852
58,orig_quality_pa,Original: Quality + PA,414,139,0.1,balanced,0.9274159216687953,0.8620689655172413,0.8848920863309353,0.8620689655172413,0.8620689655172413,0.08346439924480233,0.07548040708495196
58,compressed,Compressed Derived,414,139,0.1,balanced,0.9361430395913156,0.8620689655172413,0.8848920863309353,0.8620689655172413,0.8620689655172413,0.08196313515554474,0.05228745754040735
58,enhanced,Compressed + Interaction,414,139,0.1,balanced,0.9325244785014901,0.8620689655172413,0.8848920863309353,0.8620689655172413,0.8620689655172413,0.08433882928738141,0.05463004235531264
59,orig_quality_hr,Original: Quality + HR,349,139,1.0,None,0.916036149642707,0.9090909090909091,0.920863309352518,0.9166666666666666,0.9016393442622951,0.08510157135313601,0.08482880648789815
59,orig_sleep_pa,Original: Sleep + PA,349,139,1.0,None,0.9245481294661622,0.8717948717948718,0.8920863309352518,0.9107142857142857,0.8360655737704918,0.1014013821752066,0.09279935965338391
59,orig_sleep_hr,Original: Sleep + HR,349,139,0.1,None,0.9279108869272803,0.8717948717948718,0.8920863309352518,0.9107142857142857,0.8360655737704918,0.09320893888934227,0.10466570898220064
59,orig_quality_pa,Original: Quality + PA,349,139,1.0,balanced,0.9017444304329552,0.8813559322033898,0.8992805755395683,0.9122807017543859,0.8524590163934426,0.08771228420970488,0.08503394975705666
59,compressed,Compressed Derived,349,139,0.1,None,0.9196090794451449,0.8907563025210085,0.9064748201438849,0.9137931034482759,0.8688524590163934,0.09227995134297191,0.08439125012160771
59,enhanced,Compressed + Interaction,349,139,0.1,None,0.9175073560319461,0.8717948717948718,0.8920863309352518,0.9107142857142857,0.8360655737704918,0.09251875249448162,0.06969509563882846
60,orig_quality_hr,Original: Quality + HR,378,130,1.0,None,0.8299418604651163,0.8,0.8615384615384616,0.782608695652174,0.8181818181818182,0.12659328095237393,0.1079163203806359
60,orig_sleep_pa,Original: Sleep + PA,378,130,1.0,None,0.8473837209302325,0.8,0.8615384615384616,0.782608695652174,0.8181818181818182,0.12681889312392083,0.1134049364530108
60,orig_sleep_hr,Original: Sleep + HR,378,130,1.0,None,0.8198995771670192,0.8,0.8615384615384616,0.782608695652174,0.8181818181818182,0.12959691474926374,0.11954974245326949
60,orig_quality_pa,Original: Quality + PA,378,130,1.0,None,0.8505549682875264,0.8,0.8615384615384616,0.782608695652174,0.8181818181818182,0.12454337873768644,0.11447855260536899
60,compressed,Compressed Derived,378,130,1.0,None,0.8492336152219874,0.8,0.8615384615384616,0.782608695652174,0.8181818181818182,0.12777627414416376,0.1191177324423139
60,enhanced,Compressed + Interaction,378,130,1.0,None,0.8383985200845666,0.8,0.8615384615384616,0.782608695652174,0.8181818181818182,0.13005418631029828,0.12060554174473438
61,orig_quality_hr,Original: Quality + HR,372,149,0.1,None,0.9009416195856874,0.8717948717948718,0.8993288590604027,0.8793103448275862,0.864406779661017,0.09569787054880033,0.09558419614560865
61,orig_sleep_pa,Original: Sleep + PA,372,149,0.1,None,0.9096045197740114,0.8793103448275862,0.9060402684563759,0.8947368421052632,0.864406779661017,0.09747208916362317,0.06343460279161815
61,orig_sleep_hr,Original: Sleep + HR,372,149,1.0,balanced,0.8994350282485877,0.8571428571428571,0.8859060402684564,0.85,0.864406779661017,0.09538194393754199,0.06599863288876118
61,orig_quality_pa,Original: Quality + PA,372,149,0.1,None,0.9118644067796611,0.8793103448275862,0.9060402684563759,0.8947368421052632,0.864406779661017,0.09206645849813651,0.07158427728508128
61,compressed,Compressed Derived,372,149,0.1,None,0.9120527306967985,0.8793103448275862,0.9060402684563759,0.8947368421052632,0.864406779661017,0.09493055075716683,0.09057725282053714
61,enhanced,Compressed + Interaction,372,149,0.1,None,0.9103578154425611,0.864406779661017,0.8926174496644296,0.864406779661017,0.864406779661017,0.0950406465843556,0.07410591752324634
62,orig_quality_hr,Original: Quality + HR,352,137,0.1,balanced,0.9471947194719472,0.8235294117647058,0.9124087591240876,0.875,0.7777777777777778,0.06676992948394041,0.0826589302797166
62,orig_sleep_pa,Original: Sleep + PA,352,137,0.1,balanced,0.9334433443344333,0.8235294117647058,0.9124087591240876,0.875,0.7777777777777778,0.07214405484256943,0.08722857701754579
62,orig_sleep_hr,Original: Sleep + HR,352,137,0.1,None,0.9400440044004401,0.8235294117647058,0.9124087591240876,0.875,0.7777777777777778,0.07017925704910342,0.0817461862990958
62,orig_quality_pa,Original: Quality + PA,352,137,0.1,None,0.9271177117711771,0.8235294117647058,0.9124087591240876,0.875,0.7777777777777778,0.06748616716040104,0.08693239195057588
62,compressed,Compressed Derived,352,137,0.1,None,0.9416941694169417,0.8235294117647058,0.9124087591240876,0.875,0.7777777777777778,0.0671639967762277,0.08036478009762757
62,enhanced,Compressed + Interaction,352,137,0.1,balanced,0.9416941694169417,0.8235294117647058,0.9124087591240876,0.875,0.7777777777777778,0.06888258869070801,0.06888607825509822
63,orig_quality_hr,Original: Quality + HR,365,146,0.1,None,0.9262479541734862,0.897196261682243,0.9246575342465754,0.8727272727272727,0.9230769230769231,0.07361478442841024,0.06494787802113158
63,orig_sleep_pa,Original: Sleep + PA,365,146,0.1,balanced,0.9277823240589198,0.8761904761904762,0.910958904109589,0.8679245283018868,0.8846153846153846,0.07636737258655589,0.06701214181836584
63,orig_sleep_hr,Original: Sleep + HR,365,146,0.1,None,0.9288052373158756,0.897196261682243,0.9246575342465754,0.8727272727272727,0.9230769230769231,0.07660290213412563,0.07424239632317133
63,orig_quality_pa,Original: Quality + PA,365,146,0.1,None,0.9299304418985269,0.897196261682243,0.9246575342465754,0.8727272727272727,0.9230769230769231,0.07312147587530957,0.05248204761924371
63,compressed,Compressed Derived,365,146,0.1,None,0.9273731587561375,0.897196261682243,0.9246575342465754,0.8727272727272727,0.9230769230769231,0.07726585205347741,0.10217552822049648
63,enhanced,Compressed + Interaction,365,146,0.1,None,0.9263502454991815,0.8761904761904762,0.910958904109589,0.8679245283018868,0.8846153846153846,0.07574543560739791,0.08279152270125975
64,orig_quality_hr,Original: Quality + HR,369,120,0.1,None,0.9169248099127006,0.9253731343283582,0.9166666666666666,0.9253731343283582,0.9253731343283582,0.09588118690265691,0.1223355196486896
64,orig_sleep_pa,Original: Sleep + PA,369,120,0.1,None,0.922416220782878,0.9253731343283582,0.9166666666666666,0.9253731343283582,0.9253731343283582,0.1031303413730039,0.13436314493964607
64,orig_sleep_hr,Original: Sleep + HR,369,120,0.1,None,0.9243874964798648,0.9253731343283582,0.9166666666666666,0.9253731343283582,0.9253731343283582,0.10266813097746078,0.13476987865501686
64,orig_quality_pa,Original: Quality + PA,369,120,0.1,None,0.9188960856096874,0.9253731343283582,0.9166666666666666,0.9253731343283582,0.9253731343283582,0.09402248766062384,0.11708859530755043
64,compressed,Compressed Derived,369,120,1.0,None,0.9165023936919177,0.9007633587786259,0.8916666666666667,0.921875,0.8805970149253731,0.10016630132317633,0.10854086765185432
64,enhanced,Compressed + Interaction,369,120,0.1,None,0.9136862855533653,0.9253731343283582,0.9166666666666666,0.9253731343283582,0.9253731343283582,0.0929437650265969,0.06692045955582253
65,orig_quality_hr,Original: Quality + HR,391,126,0.1,None,0.9412393162393162,0.8431372549019608,0.873015873015873,0.7962962962962963,0.8958333333333334,0.08465512609599461,0.07329734819754354
65,orig_sleep_pa,Original: Sleep + PA,391,126,0.1,None,0.936698717948718,0.8431372549019608,0.873015873015873,0.7962962962962963,0.8958333333333334,0.09128490648904398,0.07671981759081692
65,orig_sleep_hr,Original: Sleep + HR,391,126,0.1,None,0.9420405982905984,0.8431372549019608,0.873015873015873,0.7962962962962963,0.8958333333333334,0.08933579015434481,0.07686732591621635
65,orig_quality_pa,Original: Quality + PA,391,126,0.1,None,0.9412393162393162,0.8431372549019608,0.873015873015873,0.7962962962962963,0.8958333333333334,0.08516714260176195,0.06578037531106541
65,compressed,Compressed Derived,391,126,0.1,None,0.9457799145299144,0.8514851485148515,0.8809523809523809,0.8113207547169812,0.8958333333333334,0.08489055752599635,0.06978331006253047
65,enhanced,Compressed + Interaction,391,126,0.1,None,0.9449786324786325,0.8514851485148515,0.8809523809523809,0.8113207547169812,0.8958333333333334,0.0899975883847602,0.07538944053037928
66,orig_quality_hr,Original: Quality + HR,398,124,0.1,None,0.9542035992479183,0.8867924528301887,0.9032258064516129,0.8545454545454545,0.9215686274509803,0.07115884666981233,0.05041010702792606
66,orig_sleep_pa,Original: Sleep + PA,398,124,0.1,None,0.953934998656997,0.8867924528301887,0.9032258064516129,0.8545454545454545,0.9215686274509803,0.07753900796737537,0.061606028000367886
66,orig_sleep_hr,Original: Sleep + HR,398,124,0.1,None,0.95662100456621,0.8867924528301887,0.9032258064516129,0.8545454545454545,0.9215686274509803,0.07453325479552947,0.05205747185455527
66,orig_quality_pa,Original: Quality + PA,398,124,1.0,None,0.9542035992479183,0.9074074074074074,0.9193548387096774,0.8596491228070176,0.9607843137254902,0.06944289823873924,0.05385473265190121
66,compressed,Compressed Derived,398,124,0.1,None,0.9523233951114692,0.8867924528301887,0.9032258064516129,0.8545454545454545,0.9215686274509803,0.07270532841061111,0.050136241662832086
66,enhanced,Compressed + Interaction,398,124,0.1,None,0.95662100456621,0.8867924528301887,0.9032258064516129,0.8545454545454545,0.9215686274509803,0.07440082635217149,0.047121477630799824
67,orig_quality_hr,Original: Quality + HR,367,144,0.1,None,0.9253095975232198,0.8253968253968254,0.8472222222222222,0.896551724137931,0.7647058823529411,0.11473712655538944,0.1322529103219235
67,orig_sleep_pa,Original: Sleep + PA,367,144,0.1,None,0.9377902476780186,0.6153846153846154,0.7222222222222222,0.8888888888888888,0.47058823529411764,0.1224081936490391,0.1479383489662834
67,orig_sleep_hr,Original: Sleep + HR,367,144,1.0,None,0.9250193498452013,0.6415094339622641,0.7361111111111112,0.8947368421052632,0.5,0.1361604210708257,0.15956544196141745
67,orig_quality_pa,Original: Quality + PA,367,144,0.1,None,0.9307275541795665,0.9117647058823529,0.9166666666666666,0.9117647058823529,0.9117647058823529,0.1070085829929609,0.1186065227363583
67,compressed,Compressed Derived,367,144,1.0,None,0.926373839009288,0.6666666666666666,0.75,0.9,0.5294117647058824,0.12526938480954175,0.13734734805375717
67,enhanced,Compressed + Interaction,367,144,0.1,None,0.9201818885448916,0.927536231884058,0.9305555555555556,0.9142857142857143,0.9411764705882353,0.11049921099712483,0.12680886938853386
68,orig_quality_hr,Original: Quality + HR,359,145,0.1,None,0.9448249619482496,0.9166666666666666,0.9172413793103448,0.9295774647887324,0.9041095890410958,0.07397922330714474,0.0664002515355158
68,orig_sleep_pa,Original: Sleep + PA,359,145,0.1,None,0.943017503805175,0.9041095890410958,0.903448275862069,0.9041095890410958,0.9041095890410958,0.08430356097544954,0.07897122798931568
68,orig_sleep_hr,Original: Sleep + HR,359,145,1.0,None,0.9437785388127854,0.9166666666666666,0.9172413793103448,0.9295774647887324,0.9041095890410958,0.07726691251447722,0.07344908484226434
68,orig_quality_pa,Original: Quality + PA,359,145,1.0,None,0.9448249619482496,0.9295774647887324,0.9310344827586207,0.9565217391304348,0.9041095890410958,0.06999264769391217,0.06590477165063992
68,compressed,Compressed Derived,359,145,0.1,None,0.942351598173516,0.9166666666666666,0.9172413793103448,0.9295774647887324,0.9041095890410958,0.0800723937681103,0.08041427790097243
68,enhanced,Compressed + Interaction,359,145,0.1,None,0.939117199391172,0.9166666666666666,0.9172413793103448,0.9295774647887324,0.9041095890410958,0.08069800115268494,0.07999987870123837
69,orig_quality_hr,Original: Quality + HR,389,131,0.1,None,0.9442215088282504,0.8395061728395061,0.9007633587786259,0.8717948717948718,0.8095238095238095,0.07945361455698802,0.06998784632345702
69,orig_sleep_pa,Original: Sleep + PA,389,131,0.1,None,0.9380684858212949,0.8607594936708861,0.916030534351145,0.918918918918919,0.8095238095238095,0.08914818025071188,0.06349220187981776
69,orig_sleep_hr,Original: Sleep + HR,389,131,0.1,None,0.935928303905832,0.85,0.9083969465648855,0.8947368421052632,0.8095238095238095,0.08562109409542659,0.09030563221819506
69,orig_quality_pa,Original: Quality + PA,389,131,0.1,None,0.9439539860888175,0.8395061728395061,0.9007633587786259,0.8717948717948718,0.8095238095238095,0.08093738455487261,0.06768342037052762
69,compressed,Compressed Derived,389,131,0.1,None,0.9420813269127876,0.85,0.9083969465648855,0.8947368421052632,0.8095238095238095,0.08581498486794305,0.06869514876157534
69,enhanced,Compressed + Interaction,389,131,0.1,None,0.939406099518459,0.8292682926829268,0.8931297709923665,0.85,0.8095238095238095,0.08919194089610678,0.05717580657034883
70,orig_quality_hr,Original: Quality + HR,385,131,1.0,balanced,0.9186676082862524,0.9310344827586207,0.9389312977099237,0.9473684210526315,0.9152542372881356,0.07274571988527076,0.05502139117751912
70,orig_sleep_pa,Original: Sleep + PA,385,131,0.1,None,0.9187853107344632,0.9122807017543859,0.9236641221374046,0.9454545454545454,0.8813559322033898,0.08223592347267372,0.08655048652128838
70,orig_sleep_hr,Original: Sleep + HR,385,131,0.1,None,0.922316384180791,0.9122807017543859,0.9236641221374046,0.9454545454545454,0.8813559322033898,0.07814949426420427,0.07718319021134681
70,orig_quality_pa,Original: Quality + PA,385,131,0.1,balanced,0.917725988700565,0.9122807017543859,0.9236641221374046,0.9454545454545454,0.8813559322033898,0.07707436749233668,0.06976043713065434
70,compressed,Compressed Derived,385,131,1.0,balanced,0.911723163841808,0.9122807017543859,0.9236641221374046,0.9454545454545454,0.8813559322033898,0.07770914020412929,0.07812294075845137
70,enhanced,Compressed + Interaction,385,131,1.0,None,0.9065442561205274,0.8928571428571429,0.9083969465648855,0.9433962264150944,0.847457627118644,0.0809968397866876,0.06730759026628852
71,orig_quality_hr,Original: Quality + HR,399,118,1.0,None,0.937740313516711,0.8571428571428571,0.8728813559322034,0.8035714285714286,0.9183673469387755,0.09515246246400644,0.0718639722979699
71,orig_sleep_pa,Original: Sleep + PA,399,118,1.0,None,0.9307897071872228,0.8571428571428571,0.8728813559322034,0.8035714285714286,0.9183673469387755,0.10412023342294496,0.09223681149381613
71,orig_sleep_hr,Original: Sleep + HR,399,118,0.1,None,0.9358178053830227,0.8571428571428571,0.8728813559322034,0.8035714285714286,0.9183673469387755,0.09746992787238826,0.06988342160025597
71,orig_quality_pa,Original: Quality + PA,399,118,1.0,None,0.9371487725524993,0.8571428571428571,0.8728813559322034,0.8035714285714286,0.9183673469387755,0.09533293177829455,0.06628251622645696
71,compressed,Compressed Derived,399,118,1.0,None,0.9306418219461697,0.8571428571428571,0.8728813559322034,0.8035714285714286,0.9183673469387755,0.09913659657218134,0.07897912492889878
71,enhanced,Compressed + Interaction,399,118,0.1,None,0.9300502809819581,0.8571428571428571,0.8728813559322034,0.8035714285714286,0.9183673469387755,0.0984491449115765,0.07951231262484393
72,orig_quality_hr,Original: Quality + HR,371,145,0.1,None,0.9298128342245989,0.9426751592356688,0.9379310344827586,0.925,0.961038961038961,0.0781904157917345,0.08177544251893264
72,orig_sleep_pa,Original: Sleep + PA,371,145,0.1,None,0.9353514132925898,0.9290322580645162,0.9241379310344827,0.9230769230769231,0.935064935064935,0.07955348552324017,0.08190694330524068
72,orig_sleep_hr,Original: Sleep + HR,371,145,0.1,None,0.9311497326203209,0.9290322580645162,0.9241379310344827,0.9230769230769231,0.935064935064935,0.08288430640496684,0.08495904578933812
72,orig_quality_pa,Original: Quality + PA,371,145,0.1,None,0.9397440794499616,0.9290322580645162,0.9241379310344827,0.9230769230769231,0.935064935064935,0.07331585018357331,0.0804920362662394
72,compressed,Compressed Derived,371,145,0.1,None,0.9344919786096256,0.9290322580645162,0.9241379310344827,0.9230769230769231,0.935064935064935,0.08193007209019873,0.0977475912408451
72,enhanced,Compressed + Interaction,371,145,0.1,None,0.9333460656990068,0.9290322580645162,0.9241379310344827,0.9230769230769231,0.935064935064935,0.07687554361328608,0.09371046524144437
73,orig_quality_hr,Original: Quality + HR,390,125,1.0,None,0.9325335397316822,0.9285714285714286,0.936,0.9454545454545454,0.9122807017543859,0.07035440324420822,0.046317954323954594
73,orig_sleep_pa,Original: Sleep + PA,390,125,0.1,None,0.9290505675954592,0.9285714285714286,0.936,0.9454545454545454,0.9122807017543859,0.07581814099851208,0.08358574334377067
73,orig_sleep_hr,Original: Sleep + HR,390,125,0.1,None,0.9455624355005159,0.9122807017543859,0.92,0.9122807017543859,0.9122807017543859,0.07691623674469926,0.06342719198555519
73,orig_quality_pa,Original: Quality + PA,390,125,0.1,None,0.9351135190918473,0.9122807017543859,0.92,0.9122807017543859,0.9122807017543859,0.07451541321783252,0.06601665842389091
73,compressed,Compressed Derived,390,125,0.1,None,0.9356295149638802,0.9285714285714286,0.936,0.9454545454545454,0.9122807017543859,0.07581130796377955,0.08466228699529528
73,enhanced,Compressed + Interaction,390,125,0.1,None,0.94156346749226,0.9122807017543859,0.92,0.9122807017543859,0.9122807017543859,0.07698762944665395,0.06230997162656145
74,orig_quality_hr,Original: Quality + HR,385,144,0.1,None,0.9418229481750352,0.9243697478991597,0.9375,0.8870967741935484,0.9649122807017544,0.06650514811303755,0.07051182218487434
74,orig_sleep_pa,Original: Sleep + PA,385,144,0.1,None,0.9551320830812664,0.8869565217391304,0.9097222222222222,0.8793103448275862,0.8947368421052632,0.0734580822093612,0.055814091435797804
74,orig_sleep_hr,Original: Sleep + HR,385,144,0.1,balanced,0.9398064125831821,0.9243697478991597,0.9375,0.8870967741935484,0.9649122807017544,0.07212914017231041,0.08124733501241901
74,orig_quality_pa,Original: Quality + PA,385,144,0.1,balanced,0.9577535793506756,0.9243697478991597,0.9375,0.8870967741935484,0.9649122807017544,0.06654129277256983,0.06871480240393489
74,compressed,Compressed Derived,385,144,0.1,None,0.935974994958661,0.905982905982906,0.9236111111111112,0.8833333333333333,0.9298245614035088,0.07379791229668564,0.07415552362319683
74,enhanced,Compressed + Interaction,385,144,0.1,None,0.9400080661423674,0.8869565217391304,0.9097222222222222,0.8793103448275862,0.8947368421052632,0.07368223098861122,0.07060060669312901
75,orig_quality_hr,Original: Quality + HR,409,125,0.1,balanced,0.918235294117647,0.8888888888888888,0.928,0.8780487804878049,0.9,0.06647295445680265,0.07802170321159485
75,orig_sleep_pa,Original: Sleep + PA,409,125,0.1,balanced,0.9216176470588234,0.8607594936708861,0.912,0.8717948717948718,0.85,0.07293360311316152,0.06906213118874507
75,orig_sleep_hr,Original: Sleep + HR,409,125,0.1,balanced,0.920735294117647,0.8607594936708861,0.912,0.8717948717948718,0.85,0.07037932878853231,0.07400617262197169
75,orig_quality_pa,Original: Quality + PA,409,125,0.1,balanced,0.9179411764705881,0.8888888888888888,0.928,0.8780487804878049,0.9,0.06681045494072067,0.07266310503171822
75,compressed,Compressed Derived,409,125,0.1,balanced,0.916470588235294,0.8888888888888888,0.928,0.8780487804878049,0.9,0.0727970534901673,0.09399573815647395
75,enhanced,Compressed + Interaction,409,125,0.1,balanced,0.9158823529411765,0.8607594936708861,0.912,0.8717948717948718,0.85,0.07097214268998665,0.08370752918111098
76,orig_quality_hr,Original: Quality + HR,367,145,0.1,None,0.9511111111111111,0.8545454545454545,0.8896551724137931,0.8545454545454545,0.8545454545454545,0.07815195823500666,0.0687460280732572
76,orig_sleep_pa,Original: Sleep + PA,367,145,0.1,None,0.9502020202020203,0.8545454545454545,0.8896551724137931,0.8545454545454545,0.8545454545454545,0.08536387869382542,0.05131277061953022
76,orig_sleep_hr,Original: Sleep + HR,367,145,0.1,None,0.9538383838383838,0.8545454545454545,0.8896551724137931,0.8545454545454545,0.8545454545454545,0.08400824424890281,0.07279713091483961
76,orig_quality_pa,Original: Quality + PA,367,145,0.1,None,0.9468686868686869,0.8545454545454545,0.8896551724137931,0.8545454545454545,0.8545454545454545,0.07846749930843458,0.05304683974202727
76,compressed,Compressed Derived,367,145,0.1,None,0.9533333333333334,0.8545454545454545,0.8896551724137931,0.8545454545454545,0.8545454545454545,0.08209664740147021,0.06996332852984657
76,enhanced,Compressed + Interaction,367,145,0.1,None,0.9533333333333334,0.8545454545454545,0.8896551724137931,0.8545454545454545,0.8545454545454545,0.08456614839603535,0.05664026213086185
77,orig_quality_hr,Original: Quality + HR,323,162,1.0,None,0.9551067073170731,0.9341317365269461,0.9320987654320988,0.896551724137931,0.975,0.060759532279865,0.03962702065764611
77,orig_sleep_pa,Original: Sleep + PA,323,162,0.1,None,0.9529725609756097,0.9079754601226994,0.9074074074074074,0.891566265060241,0.925,0.07399549608813638,0.05079392664684341
77,orig_sleep_hr,Original: Sleep + HR,323,162,0.1,None,0.9493140243902438,0.9079754601226994,0.9074074074074074,0.891566265060241,0.925,0.06948956928367049,0.04383890988324521
77,orig_quality_pa,Original: Quality + PA,323,162,1.0,None,0.9526676829268292,0.9079754601226994,0.9074074074074074,0.891566265060241,0.925,0.06414754309145415,0.04143260329290665
77,compressed,Compressed Derived,323,162,0.1,None,0.9544969512195123,0.9079754601226994,0.9074074074074074,0.891566265060241,0.925,0.06715650604024648,0.04999648781192025
77,enhanced,Compressed + Interaction,323,162,0.1,None,0.9566310975609755,0.9079754601226994,0.9074074074074074,0.891566265060241,0.925,0.06937097802849278,0.03683467991312925
78,orig_quality_hr,Original: Quality + HR,327,188,0.1,balanced,0.9549993910607721,0.9219858156028369,0.9414893617021277,0.9027777777777778,0.9420289855072463,0.05789582920023646,0.058637558903446824
78,orig_sleep_pa,Original: Sleep + PA,327,188,0.1,balanced,0.9581658750456705,0.9064748201438849,0.9308510638297872,0.9,0.9130434782608695,0.06415864975267355,0.04934417731341269
78,orig_sleep_hr,Original: Sleep + HR,327,188,1.0,None,0.9571915722810864,0.9064748201438849,0.9308510638297872,0.9,0.9130434782608695,0.06003806163962661,0.037273992310146414
78,orig_quality_pa,Original: Quality + PA,327,188,0.1,None,0.9552429667519181,0.9064748201438849,0.9308510638297872,0.9,0.9130434782608695,0.057140161100849234,0.0461859236559506
78,compressed,Compressed Derived,327,188,1.0,None,0.9520764827670198,0.8872180451127819,0.9202127659574468,0.921875,0.855072463768116,0.06269817900073399,0.032891954107286785
78,enhanced,Compressed + Interaction,327,188,0.1,None,0.9548776032151992,0.9064748201438849,0.9308510638297872,0.9,0.9130434782608695,0.05934877745358941,0.042567614898860656
79,orig_quality_hr,Original: Quality + HR,299,158,0.1,None,0.9505371172037839,0.9403973509933775,0.9430379746835443,0.9594594594594594,0.922077922077922,0.072180531221176,0.0982484313009973
79,orig_sleep_pa,Original: Sleep + PA,299,158,0.1,None,0.9410774410774412,0.9261744966442953,0.930379746835443,0.9583333333333334,0.8961038961038961,0.07411125091770131,0.054995019585713296
79,orig_sleep_hr,Original: Sleep + HR,299,158,1.0,balanced,0.938351771685105,0.9342105263157895,0.9367088607594937,0.9466666666666667,0.922077922077922,0.07406886073443948,0.05738531024554372
79,orig_quality_pa,Original: Quality + PA,299,158,0.1,None,0.950376783710117,0.9403973509933775,0.9430379746835443,0.9594594594594594,0.922077922077922,0.06748636153827596,0.07200423235399338
79,compressed,Compressed Derived,299,158,0.1,None,0.9431617764951098,0.9403973509933775,0.9430379746835443,0.9594594594594594,0.922077922077922,0.07641010573537586,0.06856661085529131
79,enhanced,Compressed + Interaction,299,158,0.1,None,0.9415584415584416,0.9403973509933775,0.9430379746835443,0.9594594594594594,0.922077922077922,0.0754170838611077,0.06274852424332804
80,orig_quality_hr,Original: Quality + HR,346,155,1.0,balanced,0.9059414368403131,0.8837209302325582,0.9032258064516129,0.9047619047619048,0.8636363636363636,0.08974134645216789,0.07211259960138733
80,orig_sleep_pa,Original: Sleep + PA,346,155,0.1,None,0.9443309499489273,0.916030534351145,0.9290322580645162,0.9230769230769231,0.9090909090909091,0.07300812226887674,0.07986156987102655
80,orig_sleep_hr,Original: Sleep + HR,346,155,1.0,balanced,0.9448416751787537,0.9253731343283582,0.9354838709677419,0.9117647058823529,0.9393939393939394,0.07405243258520483,0.07093767249937734
80,orig_quality_pa,Original: Quality + PA,346,155,1.0,None,0.9444160708205652,0.9090909090909091,0.9225806451612903,0.9090909090909091,0.9090909090909091,0.06585920053479868,0.0377339303193218
80,compressed,Compressed Derived,346,155,10.0,None,0.8998127340823969,0.8661417322834646,0.8903225806451613,0.9016393442622951,0.8333333333333334,0.09192474777102534,0.07499991047999398
80,enhanced,Compressed + Interaction,346,155,1.0,balanced,0.9100272386789241,0.9090909090909091,0.9225806451612903,0.9090909090909091,0.9090909090909091,0.08327956408395182,0.09130828377888019
